날짜,경량A (Light Scrap A) 경인,경량A (Light Scrap A) 경인증감,경량A (Light Scrap A) 영남,경량A (Light Scrap A) 영남증감,경량A (Light Scrap A) 평균,경량A (Light Scrap A) 평균증감
2023-11-07,394,-10,413,-10,403,-11
2023-10-31,404,-8,423,-10,414,-8
2023-10-24,412,0,433,0,422,0
2023-10-17,412,0,433,2,422,1
2023-10-10,412,0,431,0,421,0
2023-10-04,412,0,431,0,421,0
2023-09-26,412,0,431,0,421,0
2023-09-19,412,0,431,1,421,0
2023-09-12,412,0,430,0,421,0
2023-09-05,412,0,430,-1,421,0
2023-08-29,412,0,431,-1,421,-1
2023-08-22,412,0,432,1,422,0
2023-08-15,412,0,431,-2,422,-1
2023-08-08,412,0,433,0,423,0
2023-07-25,412,-5,433,0,423,-2
2023-07-18,417,-1,433,-9,425,-5
2023-07-11,418,-7,442,-11,430,-9
2023-07-04,425,-9,453,-4,439,-6
2023-06-27,434,0,457,-6,445,-4
2023-06-20,434,1,463,0,449,1
2023-06-13,433,5,463,2,448,3
2023-06-06,428,0,461,0,445,1
2023-05-30,428,0,461,0,444,0
2023-05-23,428,0,461,0,444,0
2023-05-16,428,0,461,0,444,0
2023-05-09,428,0,461,0,444,0
2023-05-02,428,-7,461,-8,444,-8
2023-04-25,435,-10,469,-8,452,-9
2023-04-18,445,-10,477,-11,461,-10
2023-04-11,455,-4,488,-2,471,-4
2023-04-04,459,-5,490,-7,475,-6
2023-03-28,464,0,497,0,481,0
2023-03-21,464,0,497,9,481,5
2023-03-14,464,0,488,0,476,0
2023-03-07,464,0,488,0,476,0
2023-02-28,464,0,488,0,476,0
2023-02-21,464,0,488,0,476,0
2023-02-14,464,0,488,-1,476,0
2023-02-07,464,0,489,4,476,1
2023-01-31,464,0,485,9,475,5
2023-11-07,394,-10,413,-10,403,-11
2023-10-31,404,-8,423,-10,414,-8
2023-10-24,412,0,433,0,422,0
2023-10-17,412,0,433,2,422,1
2023-10-10,412,0,431,0,421,0
2023-10-04,412,0,431,0,421,0
2023-09-26,412,0,431,0,421,0
2023-09-19,412,0,431,1,421,0
2023-09-12,412,0,430,0,421,0
2023-09-05,412,0,430,-1,421,0
2023-08-29,412,0,431,-1,421,-1
2023-08-22,412,0,432,1,422,0
2023-08-15,412,0,431,-2,422,-1
2023-08-08,412,0,433,0,423,0
2023-07-25,412,-5,433,0,423,-2
2023-07-18,417,-1,433,-9,425,-5
2023-07-11,418,-7,442,-11,430,-9
2023-07-04,425,-9,453,-4,439,-6
2023-06-27,434,0,457,-6,445,-4
2023-06-20,434,1,463,0,449,1
2023-06-13,433,5,463,2,448,3
2023-06-06,428,0,461,0,445,1
2023-05-30,428,0,461,0,444,0
2023-05-23,428,0,461,0,444,0
2023-05-16,428,0,461,0,444,0
2023-05-09,428,0,461,0,444,0
2023-05-02,428,-7,461,-8,444,-8
2023-04-25,435,-10,469,-8,452,-9
2023-04-18,445,-10,477,-11,461,-10
2023-04-11,455,-4,488,-2,471,-4
2023-04-04,459,-5,490,-7,475,-6
2023-03-28,464,0,497,0,481,0
2023-03-21,464,0,497,9,481,5
2023-03-14,464,0,488,0,476,0
2023-03-07,464,0,488,0,476,0
2023-02-28,464,0,488,0,476,0
2023-02-21,464,0,488,0,476,0
2023-02-14,464,0,488,-1,476,0
2023-02-07,464,0,489,4,476,1
2023-01-31,464,0,485,9,475,5
2023-01-25,464,0,476,0,470,0
2023-01-17,464,0,476,-9,470,-5
2023-01-10,464,0,485,-7,475,-3
2023-01-03,464,21,492,22,478,21
2022-12-27,443,41,470,42,457,42
2022-12-20,402,17,428,19,415,18
2022-12-13,385,2,409,0,397,1
2022-12-06,383,-1,409,-6,396,-3
2022-11-29,384,-24,415,-23,399,-24
2022-11-22,408,-47,438,-58,423,-53
2022-11-15,455,-26,496,-21,476,-23
2022-11-08,481,-29,517,-23,499,-26
2022-11-01,510,0,540,0,525,0
2022-10-25,510,18,540,19,525,18
2022-10-18,492,21,521,13,507,18
2022-10-11,471,2,508,19,489,10
2022-10-04,469,0,489,-3,479,-1
2022-09-27,469,1,492,-2,480,-1
2022-09-20,468,13,494,15,481,14
2022-09-13,455,17,479,16,467,17
2022-09-06,438,40,463,44,450,42
2022-08-30,398,25,419,28,408,26
2022-08-23,373,21,391,20,382,20
2022-08-16,352,-1,371,-2,362,-1
2022-08-09,353,-1,373,-2,363,-2
2022-08-04,354,-32,375,-25,365,-28
2022-07-26,386,-10,400,-12,393,-11
2022-07-19,396,-37,412,-27,404,-32
2022-07-12,433,-47,439,-47,436,-47
2022-07-05,480,-49,486,-56,483,-53
2022-06-28,529,-23,542,-32,536,-27
2022-06-21,552,-1,574,-9,563,-5
2022-06-14,553,-10,583,-3,568,-7
2022-06-07,563,-11,586,-10,575,-10
2022-05-31,574,-12,596,-11,585,-12
2022-05-24,586,-10,607,-13,597,-11
2022-05-17,596,-22,620,-11,608,-17
2022-05-10,618,-9,631,-11,625,-10
2022-05-03,627,-3,642,-8,635,-5
2022-04-26,630,-10,650,-11,640,-11
2022-04-19,640,-6,661,-5,651,-5
2022-04-12,646,0,666,0,656,0
2022-04-05,646,0,666,0,656,0
2022-03-29,646,0,666,1,656,0
2022-03-22,646,3,665,1,656,2
2022-03-15,643,27,664,30,654,29
2022-03-08,616,1,634,1,625,1
2022-03-02,615,12,633,10,624,11
2022-02-22,603,12,623,11,613,11
2022-02-15,591,11,612,9,602,10
2022-02-08,580,10,603,17,592,14
2022-02-03,570,1,586,-2,578,-1
2022-01-25,569,9,588,10,579,10
2022-01-18,560,15,578,1,569,8
2022-01-11,545,24,577,29,561,26
2022-01-04,521,0,548,0,535,0
2021-12-28,521,1,548,0,535,1
2021-12-21,520,-9,548,0,534,-5
2021-12-14,529,-4,548,-8,539,-6
2021-12-07,533,-6,556,-1,545,-3
2021-11-30,539,-3,557,-9,548,-6
2021-11-23,542,-4,566,-2,554,-3
2021-11-16,546,-13,568,-13,557,-13
2021-11-09,559,1,581,0,570,0
2021-11-02,558,10,581,8,570,9
2021-10-26,548,22,573,27,561,25
2021-10-19,526,24,546,20,536,22
2021-10-12,502,10,526,12,514,11
2021-10-05,492,7,514,7,503,7
2021-09-28,485,0,507,1,496,0
2021-09-23,485,-10,506,-6,496,-8
2021-09-14,495,-5,512,-3,504,-3
2021-09-07,500,-11,515,-6,507,-9
2021-08-31,511,-9,521,-3,516,-6
2021-08-24,520,8,524,0,522,4
2021-08-17,512,2,524,8,518,5
2021-08-10,510,-3,516,0,513,-2
2021-08-03,513,0,516,0,515,0
2021-07-27,513,11,516,4,515,8
2021-07-20,502,1,512,2,507,1
2021-07-13,501,10,510,11,506,11
2021-07-06,491,13,499,11,495,12
2021-06-29,478,-1,488,0,483,-1
2021-06-22,479,9,488,16,484,13
2021-06-15,470,9,472,3,471,6
2021-06-08,461,2,469,0,465,1
2021-06-01,459,1,469,0,464,0
2021-05-25,458,20,469,19,464,20
2021-05-18,438,33,450,23,444,28
2021-05-11,405,10,427,17,416,13
2021-05-04,395,1,410,0,403,1
2021-04-27,394,2,410,-1,402,0
2021-04-20,392,10,411,16,402,13
2021-04-13,382,10,395,2,389,6
2021-04-06,372,10,393,21,383,16
2021-03-30,362,-3,372,-1,367,-2
2021-03-23,365,-7,373,-12,369,-10
2021-03-16,372,-1,385,-11,379,-6
2021-03-12,373,8,396,15,385,12
2021-03-05,365,19,381,15,373,17
2021-02-26,346,11,366,33,356,22
2021-02-19,335,0,333,1,334,0
2021-02-10,335,-11,332,-6,334,-8
2021-02-05,346,-13,338,-12,342,-13
2021-01-29,359,-15,350,-29,355,-22
2021-01-22,374,-13,379,-17,377,-15
2021-01-15,387,21,396,0,392,11
2021-01-08,366,20,396,18,381,19
2021-01-01,346,1,378,22,362,11
2020-12-25,345,50,356,44,351,47
2020-12-18,295,15,312,18,304,17
2020-12-11,280,0,294,0,287,0
2020-12-04,280,2,294,0,287,1
2020-11-27,278,2,294,6,286,4
2020-11-20,276,11,288,2,282,6
2020-11-13,265,13,286,11,276,12
2020-11-06,252,0,275,9,264,5
2020-10-30,252,-4,266,0,259,-2
2020-10-23,256,-5,266,-2,261,-4
2020-10-16,261,-1,268,0,265,0
2020-10-09,262,0,268,0,265,0
2020-10-02,262,-9,268,-10,265,-10
2020-09-25,271,-5,278,0,275,-2
2020-09-18,276,-3,278,-7,277,-5
2020-09-11,279,-1,285,-2,282,-2
2020-09-04,280,15,287,11,284,13
2020-08-28,265,2,276,1,271,2
2020-08-21,263,19,275,22,269,20
2020-08-14,244,13,253,10,249,12
2020-08-07,231,2,243,1,237,1
2020-07-31,229,-3,242,0,236,-1
2020-07-24,232,-7,242,-3,237,-5
2020-07-17,239,-9,245,-10,242,-10
2020-07-10,248,-10,255,-10,252,-10
2020-07-03,258,-9,265,-11,262,-10
2020-06-26,267,0,276,0,272,0
2020-06-19,267,2,276,4,272,3
2020-06-12,265,13,272,10,269,12
2020-06-05,252,9,262,10,257,9
2020-05-29,243,11,252,10,248,11
2020-05-22,232,-2,242,-1,237,-2
2020-05-15,234,16,243,19,239,18
2020-05-08,218,8,224,1,221,4
2020-05-01,210,14,223,14,217,14
2020-04-24,196,-9,209,-1,203,-5
2020-04-17,205,-3,210,-1,208,-2
2020-04-10,208,-10,211,-8,210,-9
2020-04-03,218,0,219,0,219,0
2020-03-27,218,-5,219,-9,219,-7
2020-03-20,223,0,228,-7,226,-3
2020-03-13,223,-2,235,6,229,2
2020-03-06,225,-5,229,1,227,-2
2020-02-28,230,-2,228,0,229,-1
2020-02-21,232,-7,228,-8,230,-8
2020-02-14,239,-8,236,-9,238,-8
2020-02-07,247,-5,245,-1,246,-3
2020-01-31,252,-2,246,-1,249,-2
2020-01-24,254,-4,247,-8,251,-6
2020-01-17,258,0,255,12,257,6
2020-01-10,258,18,243,2,251,10
2020-01-03,240,0,241,1,241,1
2019-12-27,240,0,240,-2,240,-1
2019-12-20,240,7,242,0,241,3
2019-12-13,233,0,242,0,238,0
2019-12-06,233,20,242,16,238,18
2019-11-29,213,2,226,2,220,2
2019-11-22,211,0,224,0,218,0
2019-11-15,211,-7,224,-4,218,-5
2019-11-08,218,-11,228,-6,223,-9
2019-11-01,229,-12,234,-10,232,-11
2019-10-25,241,-15,244,-11,243,-13
2019-10-18,256,-10,255,-15,256,-12
2019-10-11,266,-12,270,-2,268,-7
2019-10-04,278,-10,272,-14,275,-12
2019-09-27,288,-4,286,-14,287,-9
2019-09-20,292,-2,300,-12,296,-7
2019-09-13,294,-3,312,12,303,4
2019-09-06,297,-5,300,0,299,-2
2019-08-30,302,-1,300,0,301,-1
2019-08-23,303,14,300,-3,302,6
2019-08-16,289,5,303,15,296,10
2019-08-09,284,0,288,-3,286,-2
2019-08-02,284,0,291,-5,288,-2
2019-07-26,284,0,296,0,290,0
2019-07-19,284,-9,296,0,290,-5
2019-07-12,293,-3,296,-3,295,-3
2019-07-05,296,-12,299,-10,298,-11
2019-06-28,308,-7,309,-9,309,-8
2019-06-21,315,-3,318,-4,317,-3
2019-06-14,318,-2,322,-3,320,-3
2019-06-07,320,21,325,30,323,26
2019-05-31,299,-2,295,1,297,-1
2019-05-24,301,7,294,-3,298,2
2019-05-17,294,1,297,14,296,8
2019-05-10,293,-4,283,-1,288,-3
2019-05-03,297,-5,284,-8,291,-6
2019-04-26,302,-8,292,-17,297,-13
2019-04-19,310,-6,309,-16,310,-11
2019-04-12,316,8,325,20,321,14
2019-04-05,308,3,305,4,307,4
2019-03-29,305,1,301,0,303,0
2019-03-22,304,1,301,-1,303,0
2019-03-15,303,8,302,0,303,4
2019-03-08,295,11,302,12,299,12
2019-03-01,284,4,290,1,287,2
2019-02-22,280,-10,289,-8,285,-9
2019-02-15,290,-6,297,-9,294,-7
2019-02-08,296,0,306,0,301,0
2019-02-01,296,-15,306,-2,301,-9
2019-01-25,311,-4,308,-7,310,-5
2019-01-18,315,12,315,10,315,11
2019-01-11,303,19,305,22,304,20
2019-01-04,284,1,283,0,284,1
2018-12-28,283,-1,283,0,283,-1
2018-12-21,284,0,283,-1,284,0
2018-12-14,284,-11,284,-10,284,-11
2018-12-07,295,-9,294,-1,295,-5
2018-11-30,304,-8,295,-8,300,-8
2018-11-23,312,-3,303,-14,308,-8
2018-11-16,315,-3,317,-20,316,-12
2018-11-09,318,0,337,-1,328,0
2018-11-02,318,-3,338,-10,328,-7
2018-10-26,321,1,348,-2,335,0
2018-10-19,320,-3,350,2,335,-1
2018-10-12,323,-3,348,7,336,2
2018-10-05,326,-2,341,0,334,-1
2018-09-21,328,-5,341,-3,335,-4
2018-09-14,333,-2,344,0,339,-1
2018-09-07,335,1,344,-1,340,0
2018-08-31,334,-3,345,-1,340,-2
2018-08-24,337,3,346,6,342,5
2018-08-17,334,9,340,3,337,6
2018-08-10,325,9,337,13,331,11
2018-08-03,316,2,324,2,320,2
2018-07-27,314,0,322,4,318,2
2018-07-20,314,1,318,-12,316,-6
2018-07-13,313,16,330,10,322,13
2018-07-06,297,1,320,16,309,9
2018-06-29,296,-2,304,0,300,-1
2018-06-22,298,-4,304,-8,301,-6
2018-06-15,302,-1,312,-2,307,-2
2018-06-08,303,0,314,-3,309,-1
2018-06-01,303,14,317,19,310,16
2018-05-25,289,7,298,7,294,7
2018-05-18,282,2,291,1,287,2
2018-05-11,280,-12,290,-5,285,-9
2018-05-04,292,-8,295,-6,294,-7
2018-04-27,300,-14,301,-18,301,-16
2018-04-20,314,-11,319,-12,317,-11
2018-04-13,325,-5,331,-3,328,-4
2018-04-06,330,-2,334,-8,332,-5
2018-03-30,332,1,342,2,337,1
2018-03-23,331,19,340,12,336,16
2018-03-16,312,10,328,15,320,12
2018-03-09,302,3,313,1,308,2
2018-03-02,299,-1,312,-1,306,-1
2018-02-23,300,-3,313,0,307,-1
2018-02-16,303,-5,313,-10,308,-8
2018-02-09,308,-4,323,-11,316,-7
2018-02-02,312,-11,334,-12,323,-12
2018-01-26,323,-1,346,-8,335,-4
2018-01-19,324,5,354,9,339,7
2018-01-12,319,4,345,6,332,5
2018-01-05,315,0,339,0,327,0
2017-12-29,315,-2,339,0,327,-1
2017-12-22,317,5,339,0,328,2
2017-12-15,312,6,339,4,326,5
2017-12-08,306,14,335,11,321,13
2017-12-01,292,6,324,12,308,9
2017-11-24,286,15,312,25,299,20
2017-11-17,271,-8,287,4,279,-2
2017-11-10,279,-2,283,-10,281,-6
2017-11-03,281,-4,293,-1,287,-3
2017-10-27,285,-7,294,-9,290,-8
2017-10-20,292,-8,303,-10,298,-9
2017-10-13,300,-2,313,-1,307,-1
2017-09-29,302,2,314,2,308,2
2017-09-22,300,9,312,11,306,10
2017-09-15,291,13,301,15,296,14
2017-09-08,278,3,286,0,282,1
2017-09-01,275,1,286,2,281,2
2017-08-25,274,5,284,13,279,9
2017-08-18,269,15,271,19,270,17
2017-08-11,254,13,252,15,253,14
2017-08-04,241,5,237,3,239,4
2017-07-28,236,1,234,-1,235,0
2017-07-21,235,-9,235,0,235,-5
2017-07-14,244,1,235,-8,240,-3
2017-07-07,243,-1,243,0,243,-1
2017-06-30,244,13,243,9,244,11
2017-06-23,231,12,234,10,233,11
2017-06-16,219,-1,224,1,222,0
2017-06-09,220,-1,223,0,222,0
2017-06-02,221,-9,223,-2,222,-6
2017-05-26,230,-1,225,-6,228,-3
2017-05-19,231,-6,231,-6,231,-6
2017-05-12,237,-2,237,-8,237,-5
2017-04-28,239,-8,245,0,242,-4
2017-04-21,247,3,245,-1,246,1
2017-04-14,244,-12,246,-7,245,-10
2017-04-07,256,-1,253,-10,255,-5
2017-03-31,257,1,263,-10,260,-5
2017-03-24,256,3,273,6,265,5
2017-03-17,253,17,267,11,260,14
2017-03-10,236,8,256,16,246,12
2017-03-03,228,0,240,0,234,0
2017-03-03,228,-8,240,1,234,-4
2017-02-24,236,0,239,-1,238,0
2017-02-17,236,-7,240,-10,238,-9
2017-02-10,243,-5,250,-6,247,-5
2017-02-03,248,0,256,-3,252,-2
2017-01-27,248,-10,259,-12,254,-11
2017-01-20,258,-11,271,-15,265,-13
2017-01-13,269,7,286,3,278,5
2017-01-06,262,26,283,35,273,31
2016-12-30,236,6,248,10,242,8
2016-12-23,230,0,238,0,234,0
2016-12-16,230,-6,238,-1,234,-4
2016-12-09,236,0,239,0,238,0
2016-12-02,236,12,239,6,238,9
2016-11-25,224,25,233,24,229,25
2016-11-18,199,10,209,14,204,12
2016-11-11,189,-6,195,-7,192,-7
2016-11-04,195,0,202,-3,199,-1
2016-10-28,195,-4,205,-1,200,-3
2016-10-21,199,1,206,0,203,1
2016-10-14,198,-6,206,-12,202,-9
2016-10-07,204,0,218,-5,211,-3
2016-09-30,204,-1,223,-5,214,-3
2016-09-23,205,-2,228,2,217,0
2016-09-16,207,-5,226,-1,217,-3
2016-09-09,212,6,227,2,220,4
2016-09-02,206,5,225,4,216,5
2016-08-26,201,2,221,4,211,3
2016-08-19,199,18,217,15,208,16
2016-08-12,181,17,202,15,192,16
2016-08-05,164,0,187,0,176,0
2016-07-29,164,2,187,-2,176,0
2016-07-22,162,-1,189,-2,176,-1
2016-07-15,163,3,191,1,177,2
2016-07-08,160,-6,190,-10,175,-8
2016-07-01,166,-4,200,0,183,-2
2016-06-24,170,-4,200,-4,185,-4
2016-06-17,174,-17,204,-17,189,-17
2016-06-10,191,-8,221,-20,206,-14
2016-06-03,199,0,241,-5,220,-3
2016-05-27,199,-14,246,-16,223,-15
2016-05-20,213,5,262,7,238,6
2016-05-13,208,18,255,30,232,24
2016-05-06,190,17,225,16,208,17
2016-04-29,173,14,209,15,191,14
2016-04-22,159,3,194,-1,177,1
2016-04-15,156,-3,195,-1,176,-2
2016-04-08,159,8,196,12,178,10
2016-04-01,151,9,184,11,168,10
2016-03-25,142,11,173,9,158,10
2016-03-18,131,7,164,4,148,6
2016-03-11,124,-1,160,-1,142,-1
2016-03-04,125,-8,161,-4,143,-6
2016-02-26,133,18,165,12,149,15
2016-02-19,115,15,153,20,134,18
2016-02-12,100,9,133,8,116,8
2016-02-05,91,4,125,6,108,5
2016-01-29,87,2,119,1,103,2
2016-01-22,85,1,118,0,101,0
2016-01-15,84,1,118,4,101,2
2016-01-08,83,4,114,1,99,3
2016-01-01,79,1,113,2,96,1
2015-12-25,78,1,111,-3,95,-1
2015-12-18,77,-4,114,-3,96,-3
2015-12-11,81,0,117,-1,99,0
2015-12-04,81,-13,118,-1,99,-8
2015-11-27,94,0,119,-12,107,-6
2015-11-20,94,0,131,0,113,0
2015-11-13,94,-11,131,-15,113,-12
2015-11-06,105,-32,146,-18,125,-26
2015-10-30,137,-4,164,-6,151,-5
2015-10-23,141,-4,170,-2,156,-2
2015-10-16,145,-6,172,-3,158,-5
2015-10-09,151,-3,175,-1,163,-2
2015-10-02,154,-2,176,0,165,-1
2015-09-25,156,-8,176,-4,166,-6
2015-09-18,164,-2,180,0,172,-1
2015-09-11,166,2,180,1,173,2
2015-09-04,164,-2,179,-2,171,-3
2015-08-28,166,-2,181,-1,174,-1
2015-08-21,168,-2,182,-8,175,-5
2015-08-14,170,-3,190,-1,180,-2
2015-08-07,173,-3,191,-5,182,-4
2015-07-31,176,-7,196,-3,186,-5
2015-07-24,183,-11,199,-9,191,-10
2015-07-17,194,6,208,1,201,3
2015-07-10,188,8,207,6,198,8
2015-07-03,180,2,201,2,190,2
2015-06-26,178,9,199,13,188,10
2015-06-19,169,6,186,2,178,5
2015-06-12,163,0,184,0,173,0
2015-06-05,163,2,184,0,173,0
2015-05-29,161,-5,184,-6,173,-5
2015-05-22,166,-4,190,-4,178,-4
2015-05-15,170,-1,194,-1,182,-1
2015-05-08,171,-2,195,-1,183,-2
2015-05-01,173,-3,196,2,185,0
2015-04-24,176,-2,194,-1,185,-2
2015-04-17,178,1,195,1,187,2
2015-04-10,177,-8,194,-2,185,-5
2015-04-03,185,-1,196,-2,190,-2
2015-03-27,186,7,198,-1,192,3
2015-03-20,179,-1,199,1,189,0
2015-03-13,180,-2,198,-2,189,-2
2015-03-06,182,-1,200,0,191,0
2015-02-27,183,0,200,0,191,0
2015-02-20,183,0,200,-1,191,-1
2015-02-13,183,0,201,0,192,0
2015-02-06,183,-2,201,-3,192,-3
2015-01-30,185,-12,204,-1,195,-6
2015-01-23,197,-1,205,-9,201,-5
2015-01-16,198,0,214,0,206,0
2015-01-09,198,0,214,-1,206,-1
2015-01-02,198,-6,215,-19,207,-12
2014-12-26,204,-8,234,0,219,-4
2014-12-19,212,-4,234,-5,223,-4
2014-12-12,216,-2,239,-5,227,-4
2014-12-05,218,-10,244,-7,231,-8
2014-11-28,228,-15,251,-8,239,-12
2014-11-21,243,-1,259,-2,251,-1
2014-11-14,244,-3,261,-7,252,-5
2014-11-07,247,-6,268,-8,257,-7
2014-10-31,253,-2,276,-3,264,-3
2014-10-24,255,-5,279,-6,267,-6
2014-10-17,260,0,285,-1,273,0
2014-10-10,260,0,286,-2,273,-1
2014-10-03,260,0,288,-2,274,-1
2014-09-26,260,-3,290,-2,275,-3
2014-09-19,263,0,292,0,278,0
2014-09-12,263,-11,292,-6,278,-8
2014-09-05,274,-1,298,-1,286,-1
2014-08-29,275,-1,299,0,287,-1
2014-08-22,276,-4,299,-4,288,-4
2014-08-15,280,-1,303,-3,292,-2
2014-08-08,281,-2,306,-2,294,-1
2014-08-01,283,-1,308,-1,295,-1
2014-07-25,284,-1,309,-2,296,-2
2014-07-18,285,-1,311,-1,298,-1
2014-07-11,286,0,312,0,299,0
2014-07-04,286,-1,312,-2,299,-1
2014-06-27,287,-1,314,1,300,-1
2014-06-20,288,-1,313,0,301,0
2014-06-13,289,0,313,-2,301,-1
2014-06-06,289,0,315,0,302,0
2014-05-30,289,-1,315,-1,302,-1
2014-05-23,290,-2,316,-2,303,-2
2014-05-16,292,1,318,0,305,0
2014-05-09,291,-2,318,0,305,0
2014-05-02,293,0,318,-1,305,-1
2014-04-25,293,-2,319,-2,306,-2
2014-04-18,295,-2,321,-2,308,-2
2014-04-11,297,-3,323,-6,310,-5
2014-04-04,300,-3,329,-2,315,-2
2014-03-28,303,1,331,0,317,1
2014-03-21,302,-3,331,-3,316,-3
2014-03-14,305,-5,334,-5,319,-6
2014-03-07,310,0,339,-4,325,-1
2014-02-28,310,-3,343,-1,326,-3
2014-02-21,313,-4,344,-5,329,-4
2014-02-14,317,-1,349,0,333,-1
2014-02-07,318,-5,349,-4,334,-4
2014-01-31,323,-5,353,2,338,-1
2014-01-24,328,-6,351,-5,339,-6
2014-01-17,334,4,356,-5,345,-1
2014-01-10,330,-8,361,-8,346,-7
2014-01-03,338,-5,369,1,353,-3
2013-12-27,343,-1,368,2,356,1
2013-12-20,344,9,366,-11,355,-1
2013-12-13,335,-7,377,1,356,-3
2013-12-06,342,-3,376,-8,359,-5
2013-11-29,345,1,384,5,364,2
2013-11-22,344,7,379,11,362,10
2013-11-15,337,7,368,10,352,8
2013-11-08,330,7,358,6,344,7
2013-11-01,323,6,352,-4,337,0
2013-10-25,317,-9,356,2,337,-3
2013-10-18,326,5,354,-3,340,1
2013-10-11,321,-8,357,-11,339,-10
2013-10-04,329,-4,368,3,349,0
2013-09-27,333,-4,365,-2,349,-3
2013-09-20,337,0,367,0,352,0
2013-09-13,337,-1,367,-5,352,-3
2013-09-06,338,-1,372,-4,355,-2
2013-08-30,339,-2,376,4,357,1
2013-08-23,341,8,372,10,356,9
2013-08-16,333,15,362,8,347,11
2013-08-09,318,9,354,21,336,15
2013-08-02,309,7,333,4,321,6
2013-07-26,302,-2,329,-4,315,-4
2013-07-19,304,-4,333,-4,319,-4
2013-07-12,308,-2,337,0,323,-1
2013-07-05,310,-7,337,3,324,-1
2013-06-28,317,0,334,-3,325,-2
2013-06-21,317,-4,337,-12,327,-8
2013-06-14,321,-7,349,0,335,-3
2013-06-07,328,-3,349,0,338,-2
2013-05-31,331,-1,349,-4,340,-3
2013-05-24,332,-3,353,-9,343,-5
2013-05-17,335,1,362,3,348,1
2013-05-10,334,-2,359,-5,347,-3
2013-05-03,336,-3,364,1,350,-1
2013-04-26,339,-7,363,-9,351,-8
2013-04-19,346,-3,372,13,359,5
2013-04-12,349,-14,359,-18,354,-16
2013-04-05,363,-7,377,-5,370,-6
2013-03-29,370,-3,382,-11,376,-7
2013-03-22,373,-2,393,8,383,3
2013-03-15,375,-7,385,-7,380,-7
2013-03-08,382,-7,392,-8,387,-8
2013-03-01,389,8,400,-3,395,3
2013-02-22,381,0,403,17,392,9
2013-02-15,381,16,386,16,383,15
2013-02-08,365,5,370,-7,368,0
2013-02-01,360,11,377,0,368,5
2013-01-25,349,-11,377,-3,363,-7
2013-01-18,360,0,380,-5,370,-3
2013-01-11,360,-16,385,21,373,3
2013-01-04,376,3,364,-12,370,-5
2012-12-28,373,6,376,2,375,5
2012-12-21,367,16,374,13,370,14
2012-12-14,351,8,361,7,356,8
2012-12-07,343,7,354,11,348,9
2012-11-30,336,11,343,8,339,9
2012-11-23,325,0,335,1,330,1
2012-11-16,325,4,334,13,329,8
2012-11-09,321,2,321,3,321,3
2012-11-02,319,-4,318,-8,318,-6
2012-10-26,323,-10,326,-12,324,-11
2012-10-19,333,-22,338,-18,335,-20
2012-10-12,355,-19,356,-23,355,-21
2012-10-05,374,-13,379,-17,376,-16
2012-09-28,387,-8,396,-8,392,-7
2012-09-24,395,-16,404,-6,399,-11
2012-09-14,411,0,410,-5,410,-3
2012-09-07,411,-17,415,-16,413,-16
2012-08-31,428,4,431,1,429,2
2012-08-24,424,11,430,5,427,8
2012-08-17,413,10,425,7,419,9
2012-08-10,403,1,418,3,410,2
2012-08-03,402,1,415,6,408,3
2012-07-27,401,0,409,0,405,0
2012-07-20,401,-2,409,0,405,-1
2012-07-13,403,-3,409,-4,406,-3
2012-07-06,406,0,413,-3,409,-2
2012-06-29,406,-10,416,-7,411,-8
2012-06-22,416,6,423,4,419,5
2012-06-15,410,-4,419,-12,414,-9
2012-06-08,414,-12,431,-12,423,-11
2012-06-01,426,-8,443,-5,434,-7
2012-05-25,434,-12,448,-2,441,-7
2012-05-18,446,-1,450,-1,448,-1
2012-05-11,447,0,451,0,449,0
2012-05-04,447,-1,451,-1,449,-1
2012-04-27,448,-14,452,-14,450,-14
2012-04-20,462,0,466,0,464,0
2012-04-13,462,-1,466,-1,464,-1
2012-04-06,463,-6,467,-6,465,-6
2012-03-23,469,-9,473,-9,471,-9
2012-03-16,478,-10,482,-10,480,-10
2012-03-09,488,10,492,10,490,10
2012-03-02,478,0,482,0,480,0
2012-02-24,478,8,482,8,480,8
2012-02-17,470,0,474,0,472,0
2012-02-10,470,-13,474,-13,472,-13
2012-02-03,483,0,487,0,485,0
2012-01-27,483,0,487,0,485,0
2012-01-20,483,0,487,0,485,0
2012-01-13,483,-1,487,-1,485,-1
2012-01-06,484,7,488,7,486,7
2011-12-30,477,9,481,9,479,9
2011-12-23,468,23,472,23,470,23
2011-12-16,445,25,449,25,447,25
2011-12-09,420,10,424,10,422,10
2011-12-02,410,5,414,5,412,5
2011-11-25,405,-9,409,-9,407,-9
2011-11-18,414,-10,418,-10,416,-10
2011-11-11,424,-8,428,-8,426,-8
2011-11-04,432,-9,436,-9,434,-9
2011-10-28,441,-14,445,-14,443,-14
2011-10-21,455,-8,459,-8,457,-8
2011-10-14,463,-1,467,-1,465,-1
2011-10-07,464,14,468,14,466,14
2011-09-30,450,2,454,2,452,2
2011-09-23,448,0,452,0,450,0
2011-09-16,448,0,452,0,450,0
2011-09-09,448,-3,452,-3,450,-3
2011-09-02,451,-6,455,-6,453,-6
2011-08-26,457,-6,461,-6,459,-6
2011-08-19,463,-4,467,-4,465,-4
2011-08-12,467,0,471,0,469,0
2011-08-05,467,-3,471,-3,469,-3
2011-07-29,470,-4,474,-4,472,-4
2011-07-22,474,0,478,0,476,0
2011-07-15,474,15,478,15,476,15
2011-07-08,459,3,463,3,461,3
2011-07-01,456,18,460,18,458,18
2011-06-24,438,3,442,3,440,3
2011-06-17,435,0,439,0,437,0
2011-06-10,435,-9,439,0,437,143
2011-06-03,444,0,439,0,294,0
2011-05-27,444,-4,439,-9,294,-5
2011-05-20,448,0,448,-4,299,-1
2011-05-13,448,-5,452,-11,300,-5
2011-05-06,453,-7,463,5,305,-1
2011-04-29,460,-7,458,-10,306,-6
2011-04-22,467,-16,468,-5,312,-7
2011-04-15,483,-10,473,-11,319,-7
2011-04-08,493,0,484,0,326,0
2011-04-01,493,-1,484,0,326,0
2011-03-25,494,-5,484,-4,326,-3
2011-03-18,499,-3,488,0,329,-1
2011-03-11,502,0,488,0,330,0
2011-03-04,502,0,488,0,330,0
2011-02-25,502,11,488,8,330,6
2011-02-18,491,7,480,12,324,7
2011-02-11,484,15,468,13,317,9
2011-01-28,469,13,455,0,308,4
2011-01-21,456,18,455,25,304,15
2011-01-14,438,20,430,10,289,10
2011-01-07,418,26,420,15,279,13
2010-12-31,392,0,405,10,266,4
2010-12-24,392,10,395,0,262,3
2010-12-17,382,4,395,17,259,7
2010-12-10,378,11,378,13,252,8
2010-12-03,367,10,365,9,244,6
2010-11-19,357,9,356,3,238,4
2010-11-12,348,-4,353,-1,234,-1
2010-11-05,352,-3,354,0,235,-1
2010-10-29,355,-10,354,-4,236,-5
2010-10-22,365,-3,358,-4,241,-3
2010-10-15,368,-10,362,-13,244,-7
2010-10-08,378,-6,375,-3,251,-3
2010-10-01,384,6,378,-4,254,-126
2010-09-24,378,0,382,-3,380,-2
2010-09-17,378,0,385,3,382,2
2010-09-10,378,0,382,0,380,0
2010-09-03,378,-5,382,-5,380,-5
2010-08-27,383,8,387,8,385,8
2010-08-20,375,29,379,29,377,29
2010-08-13,346,7,350,7,348,7
2010-08-06,339,3,343,3,341,3
2010-07-30,336,0,340,0,338,0
2010-07-23,336,-5,340,-5,338,-5
2010-07-16,341,-3,345,-3,343,-3
2010-07-09,344,-6,348,-6,346,-6
2010-07-02,350,-6,354,-6,352,-6
2010-06-25,356,-18,360,-18,358,-18
2010-06-18,374,-9,378,-9,376,-9
2010-06-11,383,-2,387,-2,385,-2
2010-06-04,385,-5,389,-5,387,-5
2010-05-28,390,-17,394,-17,392,-17
2010-05-14,407,-3,411,-3,409,-3
2010-05-07,410,-6,414,-6,412,-6
2010-04-30,416,1,420,1,418,1
2010-04-23,415,-8,419,-8,417,-8
2010-04-16,423,22,427,22,425,22
2010-04-09,401,3,405,3,403,3
2010-04-02,398,19,402,19,400,19
2010-03-26,379,0,383,0,381,0
2010-03-19,379,46,383,46,381,46
2010-03-12,333,1,337,1,335,1
2010-03-05,332,-4,336,-4,334,-4
2010-02-26,336,-7,340,-7,338,-7
2010-02-19,343,-2,347,-2,345,-2
2010-02-12,345,-13,349,-13,347,-13
2010-02-05,358,-1,362,-1,360,-1
2010-01-29,359,-3,363,-3,361,-3
2010-01-22,362,7,366,7,364,7
2010-01-15,355,6,359,6,357,6
2010-01-08,349,9,353,13,351,11
2010-01-01,340,20,340,10,340,15
2009-12-25,320,15,330,14,325,14
2009-12-18,305,5,316,10,311,8
2009-12-11,300,0,306,0,303,0
2009-12-04,300,-5,306,-4,303,-5
2009-11-27,305,25,310,15,308,20
2009-11-20,280,0,295,0,288,0
2009-11-13,280,10,295,5,288,8
2009-11-06,270,-10,290,0,280,-5
2009-10-30,280,-5,290,0,285,-3
2009-10-23,285,-5,290,-25,288,-15
2009-10-16,290,-10,315,-15,303,-12
2009-10-09,300,-15,330,-15,315,-15
2009-10-02,315,-5,345,-5,330,-5
2009-09-25,320,0,350,0,335,0
2009-09-18,320,-20,350,-10,335,-15
2009-09-11,340,0,360,0,350,0
2009-09-04,340,0,360,-10,350,-5
2009-08-28,340,-10,370,0,355,-5
2009-08-21,350,30,370,40,360,35
2009-08-14,320,30,330,15,325,22
2009-08-07,290,-15,315,-3,303,-9
2009-07-31,305,15,318,18,312,17
2009-07-24,290,15,300,20,295,17
2009-07-17,275,28,280,8,278,18
2009-07-10,247,12,272,17,260,15
2009-07-03,235,-10,255,-10,245,-10
2009-06-26,245,-10,265,-10,255,-10
2009-06-19,255,-5,275,-5,265,-5
2009-06-12,260,0,280,0,270,0
2009-06-05,260,0,280,0,270,0
2009-05-29,260,-15,280,-5,270,-10
2009-05-22,275,0,285,0,280,0
2009-05-15,275,-10,285,-15,280,-13
2009-05-08,285,-5,300,0,293,-2
2009-05-01,290,-10,300,-10,295,-10
2009-04-24,300,30,310,20,305,25
2009-04-17,270,5,290,7,280,6
2009-04-10,265,15,283,8,274,11
2009-04-03,250,5,275,5,263,5
2009-03-27,245,0,270,0,258,0
2009-03-20,245,-20,270,0,258,-10
2009-03-13,265,0,270,0,268,0
2009-03-06,265,-10,270,-8,268,-9
2009-02-27,275,-15,278,-7,277,-11
2009-02-20,290,-18,285,-18,288,-18
2009-02-13,308,20,303,-12,306,5
2009-02-06,288,3,315,23,301,12
2009-01-30,285,5,292,12,289,9
2009-01-23,280,43,280,32,280,37
2009-01-16,237,9,248,35,243,22
2009-01-09,228,25,213,10,221,18
2009-01-02,203,3,203,3,203,3
2008-12-26,200,20,200,10,200,15
2008-12-19,180,32,190,40,185,36
2008-12-12,148,38,150,10,149,24
2008-12-05,110,10,140,25,125,17
2008-11-28,100,0,115,2,108,2
2008-11-21,100,-10,113,-2,106,-7
2008-11-14,110,0,115,0,113,0
2008-11-07,110,-40,115,-3,113,-21
2008-10-31,150,-18,118,-112,134,-65
2008-10-24,168,-32,230,-70,199,-51
2008-10-17,200,0,300,0,250,0
2008-10-10,200,0,300,0,250,0
2008-10-03,200,0,300,0,250,0
2008-09-26,200,0,300,-15,250,-8
2008-09-19,200,0,315,-5,258,-2
2008-09-12,200,0,320,-20,260,-10
2008-09-05,200,-10,340,-70,270,-40
2008-08-29,210,-40,410,-75,310,-58
2008-08-22,250,-183,485,-55,368,-119
2008-08-15,433,-27,540,0,487,-13
2008-08-08,460,-15,540,-10,500,-13
2008-08-01,475,-10,550,-18,513,-14
2008-07-25,485,-20,568,-2,527,-11
2008-07-18,505,-30,570,-10,538,-20
2008-07-11,535,0,580,0,558,0
2008-07-04,535,-5,580,0,558,-2
2008-06-27,540,-23,580,-15,560,-19
2008-06-20,563,-67,595,-15,579,-41
2008-06-13,630,0,610,-8,620,-4
2008-06-06,630,0,618,-7,624,-4
2008-05-30,630,0,625,26,628,13
2008-05-23,630,40,599,19,615,30
2008-05-16,590,40,580,30,585,35
2008-05-09,550,10,550,20,550,15
2008-05-02,540,32,530,30,535,31
2008-04-25,508,38,500,13,504,25
2008-04-18,470,30,487,37,479,34
2008-04-11,440,10,450,30,445,20
2008-04-04,430,12,420,29,425,20
2008-03-28,418,38,391,1,405,20
2008-03-21,380,5,390,5,385,5
2008-03-14,375,15,385,5,380,10
2008-03-07,360,10,380,23,370,16
2008-02-22,350,20,357,21,354,21
2008-02-15,330,17,336,15,333,16
2008-02-08,313,23,321,15,317,19
2008-02-01,290,-1,306,-4,298,-3
2008-01-25,291,1,310,6,301,4
2008-01-18,290,10,304,4,297,7
2008-01-11,280,20,300,20,290,20
2008-01-04,260,0,280,0,270,0
2007-12-28,260,0,280,5,270,2
2007-12-21,260,9,275,15,268,12
2007-12-14,251,11,260,5,256,8
2007-12-07,240,4,255,11,248,8
2007-11-30,236,-4,244,-6,240,-5
2007-11-23,240,0,250,0,245,0
2007-11-16,240,5,250,0,245,2
2007-11-09,235,-5,250,0,243,-2
2007-11-02,240,0,250,0,245,0
2007-10-26,240,-12,250,-8,245,-10
2007-10-19,252,-8,258,-4,255,-6
2007-10-12,260,0,262,-2,261,-1
2007-10-05,260,0,264,-1,262,-1
2007-09-28,260,0,265,-10,263,-5
2007-09-21,260,-15,275,7,268,-4
2007-09-14,275,5,268,0,272,3
2007-09-07,270,19,268,13,269,16
2007-08-31,251,3,255,2,253,3
2007-08-24,248,6,253,8,250,7
2007-08-17,242,4,245,10,243,6
2007-08-10,238,4,235,1,237,3
2007-08-03,234,6,234,5,234,6
2007-07-27,228,-8,229,7,228,-1
2007-07-20,236,-4,222,-14,229,-9
2007-07-13,240,2,236,-2,238,0
2007-07-06,238,5,238,-5,238,0
2007-06-29,233,-17,243,6,238,-6
2007-06-22,250,0,237,1,244,1
2007-06-15,250,16,236,2,243,9
2007-06-08,234,9,234,7,234,8
2007-06-01,225,1,227,5,226,3
2007-05-25,224,1,222,13,223,7
2007-05-18,223,3,209,-3,216,0
2007-05-11,220,20,212,-8,216,6
2007-05-04,200,-20,220,-5,210,-13
2007-04-27,220,-13,225,-1,223,-7
2007-04-20,233,-1,226,-12,230,-6
2007-04-13,234,-4,238,-12,236,-8
2007-04-06,238,5,250,3,244,4
2007-03-30,233,3,247,6,240,4
2007-03-23,230,0,241,4,236,2
2007-03-16,230,8,237,12,234,10
2007-03-09,222,2,225,5,224,4
2007-03-02,220,8,220,0,220,4
2007-02-23,212,2,220,2,216,2
2007-02-16,210,0,218,4,214,2
2007-02-09,210,1,214,1,212,1
2007-02-02,209,10,213,3,211,7
2007-01-26,199,1,210,10,204,5
2007-01-19,198,2,200,0,199,1
2007-01-12,196,10,200,2,198,6
2007-01-05,186,3,198,6,192,4
2006-12-29,183,2,192,4,188,4
2006-12-22,181,6,188,3,184,4
2006-12-15,175,5,185,5,180,5
2006-12-08,170,1,180,3,175,2
2006-12-01,169,1,177,2,173,2
2006-11-24,168,0,175,-5,171,-3
2006-11-17,168,-2,180,-5,174,-4
2006-11-10,170,-7,185,0,178,-3
