날짜,선반A (Turning Scrap A) 경인,선반A (Turning Scrap A) 경인증감,선반A (Turning Scrap A) 영남,선반A (Turning Scrap A) 영남증감,선반A (Turning Scrap A) 평균,선반A (Turning Scrap A) 평균증감,선반C (Turning Scrap C) 경인,선반C (Turning Scrap C) 경인증감,선반C (Turning Scrap C) 영남,선반C (Turning Scrap C) 영남증감,선반C (Turning Scrap C) 평균,선반C (Turning Scrap C) 평균증감
2023-11-07,344,-10,370,-10,357,-10,342,-11,343,-10,342,-11
2023-10-31,354,-8,380,-10,367,-9,353,-7,353,-10,353,-8
2023-10-24,362,0,390,0,376,0,360,0,363,0,361,0
2023-10-17,362,0,390,2,376,1,360,0,363,2,361,0
2023-10-10,362,0,388,0,375,0,360,0,361,0,361,0
2023-10-04,362,0,388,0,375,0,360,0,361,0,361,0
2023-09-26,362,0,388,0,375,0,360,0,361,0,361,0
2023-09-19,362,0,388,0,375,0,360,-1,361,0,361,0
2023-09-12,362,0,388,0,375,0,361,0,361,0,361,0
2023-09-05,362,0,388,-1,375,0,361,0,361,0,361,0
2023-08-29,362,0,389,-2,375,-1,361,0,361,-2,361,-1
2023-08-22,362,0,391,1,376,0,361,0,363,0,362,0
2023-08-15,362,0,390,0,376,0,361,0,363,0,362,0
2023-08-08,362,0,390,0,376,0,361,0,363,0,362,0
2023-07-25,362,-5,390,-1,376,-3,361,-5,363,0,362,-3
2023-07-18,367,-1,391,-9,379,-5,366,-2,363,-10,365,-5
2023-07-11,368,-9,400,-10,384,-10,368,-8,373,-10,370,-9
2023-07-04,377,-9,410,-4,394,-6,376,-10,383,-3,379,-7
2023-06-27,386,0,414,-6,400,-3,386,0,386,-6,386,-3
2023-06-20,386,0,420,-1,403,0,386,1,392,0,389,0
2023-06-13,386,4,421,2,403,3,385,5,392,1,389,4
2023-06-06,382,1,419,1,400,1,380,1,391,1,385,1
2023-05-30,381,0,418,0,399,0,379,0,390,0,384,0
2023-05-23,381,0,418,0,399,0,379,0,390,0,384,0
2023-05-16,381,0,418,0,399,0,379,0,390,1,384,0
2023-05-09,381,0,418,0,399,0,379,0,389,0,384,0
2023-05-02,381,-7,418,-9,399,-9,379,-7,389,-10,384,-8
2023-04-25,388,-10,427,-8,408,-9,386,-10,399,-8,392,-10
2023-04-18,398,-10,435,-10,417,-9,396,-9,407,-6,402,-7
2023-04-11,408,-4,445,-2,426,-3,405,-4,413,-2,409,-3
2023-04-04,412,-5,447,-7,429,-6,409,-5,415,-7,412,-6
2023-03-28,417,1,454,0,435,0,414,2,422,0,418,1
2023-03-21,416,1,454,1,435,1,412,1,422,1,417,1
2023-03-14,415,0,453,0,434,0,411,0,421,0,416,0
2023-03-07,415,0,453,0,434,0,411,0,421,0,416,0
2023-02-28,415,0,453,0,434,0,411,0,421,0,416,0
2023-02-21,415,0,453,0,434,0,411,0,421,0,416,0
2023-02-14,415,0,453,-1,434,0,411,0,421,-1,416,-1
2023-02-07,415,0,454,4,434,1,411,0,422,3,417,2
2023-01-31,415,0,450,9,433,5,411,0,419,9,415,4
2023-11-07,344,-10,370,-10,357,-10,342,-11,343,-10,342,-11
2023-10-31,354,-8,380,-10,367,-9,353,-7,353,-10,353,-8
2023-10-24,362,0,390,0,376,0,360,0,363,0,361,0
2023-10-17,362,0,390,2,376,1,360,0,363,2,361,0
2023-10-10,362,0,388,0,375,0,360,0,361,0,361,0
2023-10-04,362,0,388,0,375,0,360,0,361,0,361,0
2023-09-26,362,0,388,0,375,0,360,0,361,0,361,0
2023-09-19,362,0,388,0,375,0,360,-1,361,0,361,0
2023-09-12,362,0,388,0,375,0,361,0,361,0,361,0
2023-09-05,362,0,388,-1,375,0,361,0,361,0,361,0
2023-08-29,362,0,389,-2,375,-1,361,0,361,-2,361,-1
2023-08-22,362,0,391,1,376,0,361,0,363,0,362,0
2023-08-15,362,0,390,0,376,0,361,0,363,0,362,0
2023-08-08,362,0,390,0,376,0,361,0,363,0,362,0
2023-07-25,362,-5,390,-1,376,-3,361,-5,363,0,362,-3
2023-07-18,367,-1,391,-9,379,-5,366,-2,363,-10,365,-5
2023-07-11,368,-9,400,-10,384,-10,368,-8,373,-10,370,-9
2023-07-04,377,-9,410,-4,394,-6,376,-10,383,-3,379,-7
2023-06-27,386,0,414,-6,400,-3,386,0,386,-6,386,-3
2023-06-20,386,0,420,-1,403,0,386,1,392,0,389,0
2023-06-13,386,4,421,2,403,3,385,5,392,1,389,4
2023-06-06,382,1,419,1,400,1,380,1,391,1,385,1
2023-05-30,381,0,418,0,399,0,379,0,390,0,384,0
2023-05-23,381,0,418,0,399,0,379,0,390,0,384,0
2023-05-16,381,0,418,0,399,0,379,0,390,1,384,0
2023-05-09,381,0,418,0,399,0,379,0,389,0,384,0
2023-05-02,381,-7,418,-9,399,-9,379,-7,389,-10,384,-8
2023-04-25,388,-10,427,-8,408,-9,386,-10,399,-8,392,-10
2023-04-18,398,-10,435,-10,417,-9,396,-9,407,-6,402,-7
2023-04-11,408,-4,445,-2,426,-3,405,-4,413,-2,409,-3
2023-04-04,412,-5,447,-7,429,-6,409,-5,415,-7,412,-6
2023-03-28,417,1,454,0,435,0,414,2,422,0,418,1
2023-03-21,416,1,454,1,435,1,412,1,422,1,417,1
2023-03-14,415,0,453,0,434,0,411,0,421,0,416,0
2023-03-07,415,0,453,0,434,0,411,0,421,0,416,0
2023-02-28,415,0,453,0,434,0,411,0,421,0,416,0
2023-02-21,415,0,453,0,434,0,411,0,421,0,416,0
2023-02-14,415,0,453,-1,434,0,411,0,421,-1,416,-1
2023-02-07,415,0,454,4,434,1,411,0,422,3,417,2
2023-01-31,415,0,450,9,433,5,411,0,419,9,415,4
2023-01-25,415,0,441,0,428,0,411,0,410,1,411,1
2023-01-17,415,0,441,-8,428,-4,411,0,409,-9,410,-5
2023-01-10,415,0,449,-8,432,-4,411,0,418,-7,415,-3
2023-01-03,415,21,457,23,436,22,411,20,425,21,418,21
2022-12-27,394,41,434,40,414,40,391,41,404,38,397,39
2022-12-20,353,17,394,19,374,19,350,17,366,20,358,18
2022-12-13,336,1,375,0,355,0,333,1,346,0,340,1
2022-12-06,335,-1,375,-6,355,-3,332,-1,346,-6,339,-3
2022-11-29,336,-24,381,-24,358,-24,333,-24,352,-24,342,-40
2022-11-22,360,-48,405,-57,382,-53,357,-49,376,-57,382,-38
2022-11-15,408,-27,462,-21,435,-24,406,-27,433,-22,420,-24
2022-11-08,435,-30,483,-23,459,-27,433,-31,455,-20,444,-26
2022-11-01,465,0,506,0,486,0,464,0,475,0,470,0
2022-10-25,465,15,506,24,486,20,464,15,475,22,470,19
2022-10-18,450,20,482,13,466,16,449,22,453,12,451,17
2022-10-11,430,2,469,18,450,10,427,0,441,17,434,9
2022-10-04,428,0,451,-2,440,-2,427,0,424,-2,425,-1
2022-09-27,428,0,453,-2,442,0,427,0,426,-2,426,-1
2022-09-20,428,14,455,15,442,15,427,14,428,14,427,13
2022-09-13,414,16,440,17,427,16,413,16,414,16,414,16
2022-09-06,398,41,423,43,411,42,397,40,398,39,398,40
2022-08-30,357,25,380,26,369,26,357,25,359,23,358,24
2022-08-23,332,20,354,19,343,19,332,19,336,20,334,19
2022-08-16,312,-1,335,-2,324,-1,313,0,316,-3,315,-1
2022-08-09,313,-2,337,-2,325,-2,313,-1,319,-1,316,-1
2022-08-04,315,-36,339,-26,327,-31,314,-34,320,-26,317,-30
2022-07-26,351,-9,365,-12,358,-11,348,-10,346,-11,347,-10
2022-07-19,360,-43,377,-28,369,-35,358,-45,357,-23,357,-34
2022-07-12,403,-45,405,-45,404,-45,403,-44,380,-44,391,-44
2022-07-05,448,-46,450,-56,449,-51,447,-47,424,-56,435,-52
2022-06-28,494,-25,506,-32,500,-29,494,-23,480,-31,487,-27
2022-06-21,519,-2,538,-10,529,-5,517,-2,511,-8,514,-5
2022-06-14,521,-9,548,-2,534,-6,519,-11,519,-3,519,-7
2022-06-07,530,-10,550,-10,540,-10,530,-10,522,-10,526,-10
2022-05-31,540,-11,560,-10,550,-11,540,-11,532,-9,536,-10
2022-05-24,551,-12,570,-12,561,-12,551,-9,541,-12,546,-11
2022-05-17,563,-19,582,-11,573,-15,560,-20,553,-10,557,-15
2022-05-10,582,-10,593,-11,588,-10,580,-11,563,-12,572,-11
2022-05-03,592,-3,604,-7,598,-5,591,-3,575,-7,583,-5
2022-04-26,595,-11,611,-12,603,-12,594,-11,582,-12,588,-12
2022-04-19,606,-4,623,-5,615,-4,605,-5,594,-5,600,-5
2022-04-12,610,-1,628,1,619,0,610,0,599,1,605,1
2022-04-05,611,0,627,0,619,0,610,0,598,0,604,0
2022-03-29,611,1,627,1,619,1,610,2,598,2,604,2
2022-03-22,610,2,626,1,618,1,608,2,596,0,602,1
2022-03-15,608,28,625,30,617,29,606,27,596,30,601,28
2022-03-08,580,1,595,0,588,1,579,1,566,0,573,1
2022-03-02,579,14,595,10,587,12,578,13,566,10,572,11
2022-02-22,565,11,585,10,575,10,565,11,556,10,561,11
2022-02-15,554,11,575,10,565,11,554,10,546,11,550,10
2022-02-08,543,8,565,18,554,13,544,10,535,16,540,13
2022-02-03,535,1,547,-3,541,-1,534,0,519,-2,527,-1
2022-01-25,534,9,550,9,542,9,534,10,521,9,528,10
2022-01-18,525,15,541,1,533,8,524,14,512,2,518,8
2022-01-11,510,23,540,30,525,26,510,23,510,27,510,25
2022-01-04,487,0,510,0,499,0,487,0,483,0,485,0
2021-12-28,487,2,510,0,499,1,487,3,483,0,485,1
2021-12-21,485,-9,510,0,498,-4,484,-9,483,0,484,-4
2021-12-14,494,-4,510,-8,502,-6,493,-4,483,-6,488,-5
2021-12-07,498,-7,518,-1,508,-4,497,-7,489,-2,493,-5
2021-11-30,505,-5,519,-10,512,-8,504,-5,491,-8,498,-6
2021-11-23,510,-6,529,0,520,-3,509,-6,499,-1,504,-4
2021-11-16,516,-13,529,-13,523,-13,515,-12,500,-13,508,-12
2021-11-09,529,1,542,3,536,2,527,1,513,1,520,1
2021-11-02,528,9,539,3,534,6,526,9,512,4,519,6
2021-10-26,519,22,536,30,528,26,517,22,508,24,513,23
2021-10-19,497,25,506,19,502,22,495,25,484,24,490,25
2021-10-12,472,10,487,11,480,11,470,10,460,11,465,10
2021-10-05,462,7,476,8,469,7,460,7,449,7,455,7
2021-09-28,455,0,468,1,462,1,453,0,442,1,448,1
2021-09-23,455,-9,467,-6,461,-8,453,-9,441,-6,447,-8
2021-09-14,464,-2,473,-4,469,-3,462,-3,447,-3,455,-2
2021-09-07,466,-9,477,-7,472,-8,465,-8,450,-7,457,-8
2021-08-31,475,-10,484,-2,480,-6,473,-11,457,-3,465,-7
2021-08-24,485,9,486,-1,486,4,484,9,460,1,472,5
2021-08-17,476,1,487,11,482,6,475,1,459,8,467,4
2021-08-10,475,0,476,0,476,0,474,0,451,0,463,0
2021-08-03,475,0,476,0,476,0,474,0,451,0,463,0
2021-07-27,475,11,476,2,476,7,474,12,451,3,463,8
2021-07-20,464,0,474,1,469,0,462,0,448,1,455,0
2021-07-13,464,13,473,10,469,12,462,13,447,10,455,12
2021-07-06,451,12,463,12,457,12,449,13,437,11,443,12
2021-06-29,439,2,451,1,445,1,436,0,426,3,431,1
2021-06-22,437,8,450,17,444,13,436,9,423,16,430,13
2021-06-15,429,9,433,2,431,5,427,9,407,3,417,6
2021-06-08,420,1,431,0,426,1,418,0,404,0,411,0
2021-06-01,419,2,431,0,425,1,418,1,404,-1,411,0
2021-05-25,417,18,431,20,424,19,417,19,405,18,411,18
2021-05-18,399,33,411,22,405,27,398,32,387,23,393,28
2021-05-11,366,10,389,17,378,14,366,11,364,17,365,14
2021-05-04,356,1,372,0,364,0,355,2,347,0,351,1
2021-04-27,355,1,372,-1,364,0,353,0,347,-1,350,-1
2021-04-20,354,10,373,17,364,14,353,10,348,16,351,13
2021-04-13,344,9,356,2,350,5,343,9,332,3,338,6
2021-04-06,335,10,354,21,345,16,334,10,329,20,332,15
2021-03-30,325,-3,333,-1,329,-2,324,-4,309,-1,317,-2
2021-03-23,328,-6,334,-14,331,-10,328,-6,310,-13,319,-10
2021-03-16,334,0,348,-10,341,-5,334,0,323,-10,329,-5
2021-03-12,334,2,358,16,346,9,334,4,333,15,334,10
2021-03-05,332,20,342,14,337,17,330,20,318,14,324,17
2021-02-26,312,11,328,35,320,23,310,10,304,32,307,21
2021-02-19,301,0,293,0,297,0,300,0,272,0,286,0
2021-02-10,301,-9,293,-5,297,-7,300,-9,272,-5,286,-7
2021-02-05,310,-13,298,-11,304,-12,309,-14,277,-11,293,-13
2021-01-29,323,-15,309,-29,316,-22,323,-15,288,-28,306,-21
2021-01-22,338,-13,338,-18,338,-16,338,-12,316,-18,327,-15
2021-01-15,351,18,356,1,354,10,350,17,334,2,342,9
2021-01-08,333,19,355,18,344,18,333,19,332,18,333,19
2021-01-01,314,2,337,21,326,12,314,2,314,21,314,11
2020-12-25,312,51,316,45,314,48,312,53,293,44,303,49
2020-12-18,261,15,271,15,266,15,259,14,249,17,254,15
2020-12-11,246,0,256,0,251,0,245,0,232,0,239,0
2020-12-04,246,2,256,2,251,2,245,2,232,-1,239,1
2020-11-27,244,1,254,7,249,4,243,1,233,8,238,4
2020-11-20,243,11,247,0,245,5,242,11,225,0,234,6
2020-11-13,232,13,247,3,240,8,231,12,225,4,228,8
2020-11-06,219,0,244,10,232,5,219,0,221,10,220,5
2020-10-30,219,-4,234,1,227,-1,219,-4,211,2,215,-1
2020-10-23,223,-5,233,-1,228,-3,223,-5,209,-2,216,-4
2020-10-16,228,0,234,0,231,0,228,0,211,0,220,0
2020-10-09,228,0,234,0,231,0,228,0,211,0,220,0
2020-10-02,228,-9,234,-11,231,-10,228,-9,211,-11,220,-10
2020-09-25,237,-7,245,-1,241,-4,237,-6,222,-1,230,-3
2020-09-18,244,-1,246,-7,245,-4,243,-2,223,-7,233,-5
2020-09-11,245,-3,253,-2,249,-3,245,-3,230,-1,238,-2
2020-09-04,248,15,255,11,252,13,248,16,231,10,240,13
2020-08-28,233,2,244,0,239,1,232,2,221,1,227,2
2020-08-21,231,20,244,22,238,21,230,19,220,20,225,19
2020-08-14,211,12,222,10,217,11,211,13,200,10,206,12
2020-08-07,199,3,212,1,206,2,198,3,190,1,194,2
2020-07-31,196,-4,211,0,204,-2,195,-4,189,0,192,-2
2020-07-24,200,-7,211,-2,206,-4,199,-7,189,-2,194,-5
2020-07-17,207,-10,213,-10,210,-10,206,-10,191,-9,199,-9
2020-07-10,217,-10,223,-10,220,-10,216,-10,200,-10,208,-10
2020-07-03,227,-10,233,-10,230,-10,226,-10,210,-10,218,-10
2020-06-26,237,0,243,0,240,0,236,0,220,0,228,0
2020-06-19,237,1,243,3,240,2,236,1,220,3,228,2
2020-06-12,236,12,240,10,238,11,235,12,217,11,226,11
2020-06-05,224,12,230,11,227,11,223,11,206,10,215,11
2020-05-29,212,11,219,10,216,11,212,11,196,9,204,10
2020-05-22,201,-2,209,-2,205,-2,201,-2,187,-2,194,-2
2020-05-15,203,6,211,20,207,13,203,8,189,19,196,13
2020-05-08,197,8,191,1,194,4,195,8,170,0,183,4
2020-05-01,189,14,190,10,190,12,187,16,170,9,179,13
2020-04-24,175,-8,180,-8,178,-8,171,-11,161,-8,166,-10
2020-04-17,183,-2,188,-1,186,-1,182,-2,169,0,176,-1
2020-04-10,185,-9,189,-10,187,-10,184,-10,169,-7,177,-8
2020-04-03,194,-1,199,0,197,0,194,-1,176,0,185,-1
2020-03-27,195,-7,199,-9,197,-8,195,-7,176,-11,186,-9
2020-03-20,202,0,208,2,205,1,202,0,187,0,195,0
2020-03-13,202,-3,206,-1,204,-2,202,-3,187,0,195,-1
2020-03-06,205,-2,207,-1,206,-2,205,-2,187,0,196,-1
2020-02-28,207,-2,208,-3,208,-2,207,-2,187,-5,197,-4
2020-02-21,209,-10,211,-8,210,-9,209,-10,192,-8,201,-9
2020-02-14,219,-10,219,-10,219,-10,219,-10,200,-10,210,-10
2020-02-07,229,-7,229,-4,229,-6,229,-6,210,-4,220,-5
2020-01-31,236,-4,233,3,235,0,235,-4,214,1,225,-1
2020-01-24,240,-6,230,-9,235,-8,239,-6,213,-8,226,-7
2020-01-17,246,1,239,10,243,6,245,1,221,11,233,6
2020-01-10,245,19,229,3,237,11,244,19,210,0,227,9
2020-01-03,226,1,226,2,226,1,225,1,210,1,218,1
2019-12-27,225,0,224,-3,225,-1,224,0,209,-1,217,0
2019-12-20,225,7,227,0,226,3,224,7,210,-1,217,3
2019-12-13,218,2,227,0,223,1,217,3,211,0,214,1
2019-12-06,216,19,227,15,222,17,214,18,211,15,213,17
2019-11-29,197,2,212,3,205,3,196,3,196,3,196,3
2019-11-22,195,0,209,1,202,0,193,0,193,0,193,0
2019-11-15,195,-6,208,-5,202,-5,193,-7,193,-4,193,-6
2019-11-08,201,-16,213,-5,207,-11,200,-14,197,-5,199,-9
2019-11-01,217,-13,218,-11,218,-12,214,-12,202,-10,208,-11
2019-10-25,230,-13,229,-11,230,-12,226,-14,212,-10,219,-12
2019-10-18,243,-10,240,-15,242,-12,240,-11,222,-15,231,-13
2019-10-11,253,-13,255,-3,254,-8,251,-12,237,-1,244,-7
2019-10-04,266,-12,258,-15,262,-14,263,-11,238,-12,251,-11
2019-09-27,278,-6,273,-11,276,-8,274,-6,250,-14,262,-10
2019-09-20,284,-4,284,-13,284,-9,280,-4,264,-12,272,-8
2019-09-13,288,-3,297,12,293,5,284,-3,276,13,280,5
2019-09-06,291,-4,285,0,288,-2,287,-5,263,0,275,-3
2019-08-30,295,-2,285,0,290,-1,292,0,263,0,278,0
2019-08-23,297,13,285,-3,291,5,292,11,263,-2,278,5
2019-08-16,284,6,288,15,286,10,281,5,265,15,273,10
2019-08-09,278,0,273,-3,276,-1,276,1,250,-3,263,-1
2019-08-02,278,0,276,-5,277,-3,275,0,253,-4,264,-2
2019-07-26,278,-1,281,3,280,1,275,-1,257,0,266,-1
2019-07-19,279,-10,278,-2,279,-6,276,-9,257,0,267,-4
2019-07-12,289,-4,280,-2,285,-3,285,-3,257,-2,271,-3
2019-07-05,293,-10,282,-11,288,-10,288,-10,259,-11,274,-10
2019-06-28,303,-6,293,-9,298,-8,298,-6,270,-8,284,-7
2019-06-21,309,-1,302,-3,306,-2,304,-2,278,-3,291,-3
2019-06-14,310,-3,305,-6,308,-4,306,-2,281,-6,294,-4
2019-06-07,313,15,311,25,312,20,308,15,287,23,298,19
2019-05-31,298,1,286,0,292,0,293,0,264,-1,279,0
2019-05-24,297,7,286,-4,292,2,293,7,265,-4,279,1
2019-05-17,290,0,290,16,290,8,286,0,269,15,278,8
2019-05-10,290,1,274,-1,282,-4,286,0,254,-1,270,-1
2019-05-03,289,-2,275,-5,286,0,286,-1,255,-8,271,-4
2019-04-26,291,-16,280,-18,286,-17,287,-13,263,-15,275,-14
2019-04-19,307,-6,298,-18,303,-12,300,-7,278,-17,289,-12
2019-04-12,313,8,316,21,315,15,307,9,295,21,301,15
2019-04-05,305,5,295,2,300,3,298,4,274,2,286,3
2019-03-29,300,0,293,0,297,0,294,0,272,0,283,0
2019-03-22,300,1,293,0,297,1,294,0,272,0,283,0
2019-03-15,299,4,293,1,296,2,294,4,272,1,283,2
2019-03-08,295,10,292,12,294,11,290,10,271,9,281,10
2019-03-01,285,0,280,1,283,1,280,1,262,1,271,1
2019-02-22,285,-10,279,-7,282,-9,279,-10,261,-7,270,-9
2019-02-15,295,-7,286,-10,291,-8,289,-7,268,-9,279,-8
2019-02-08,302,0,296,0,299,0,296,0,277,0,287,0
2019-02-01,302,-17,296,-3,299,-10,296,-13,277,-3,287,-8
2019-01-25,319,-1,299,-7,309,-4,309,-4,280,-7,295,-5
2019-01-18,320,12,306,9,313,10,313,11,287,11,300,11
2019-01-11,308,20,297,24,303,22,302,20,276,22,289,21
2019-01-04,288,0,273,0,281,0,282,0,254,0,268,0
2018-12-28,288,0,273,0,281,0,282,0,254,0,268,0
2018-12-21,288,0,273,0,281,0,282,-1,254,0,268,-1
2018-12-14,288,-10,273,-10,281,-10,283,-9,254,-10,269,-9
2018-12-07,298,-7,283,-1,291,-4,292,-4,264,1,278,-2
2018-11-30,305,-10,284,-8,295,-9,296,-10,263,-8,280,-9
2018-11-23,315,-4,292,-13,304,-8,306,-4,271,-14,289,-9
2018-11-16,319,-3,305,-19,312,-11,310,-2,285,-18,298,-10
2018-11-09,322,0,324,-4,323,-2,312,-2,303,-4,308,-3
2018-11-02,322,-3,328,-11,325,-7,314,-2,307,-9,311,-5
2018-10-26,325,4,339,-2,332,1,316,3,316,-2,316,0
2018-10-19,321,-4,341,1,331,-2,313,-3,318,3,316,0
2018-10-12,325,-2,340,14,333,6,316,-3,315,12,316,5
2018-10-05,327,-1,326,0,327,0,319,-2,303,-1,311,-2
2018-09-21,328,-6,326,-3,327,-5,321,-5,304,-3,313,-4
2018-09-14,334,-4,329,-1,332,-2,326,-2,307,-1,317,-1
2018-09-07,338,-2,330,-1,334,-2,328,-2,308,0,318,-1
2018-08-31,340,-3,331,0,336,-1,330,-2,308,-1,319,-2
2018-08-24,343,4,331,5,337,4,332,3,309,5,321,4
2018-08-17,339,4,326,0,333,2,329,6,304,0,317,3
2018-08-10,335,13,326,16,331,15,323,9,304,15,314,12
2018-08-03,322,6,310,1,316,3,314,6,289,3,302,5
2018-07-27,316,-2,309,3,313,1,308,-1,286,0,297,-1
2018-07-20,318,3,306,-20,312,-9,309,1,286,-19,298,-9
2018-07-13,315,16,326,11,321,14,308,15,305,11,307,13
2018-07-06,299,0,315,12,307,6,293,1,294,8,294,5
2018-06-29,299,-2,303,0,301,-1,292,-1,286,0,289,-1
2018-06-22,301,-6,303,-8,302,-7,293,-3,286,-9,290,-6
2018-06-15,307,0,311,-2,309,-1,296,-2,295,-2,296,-2
2018-06-08,307,2,313,-3,310,-1,298,0,297,-5,298,-2
2018-06-01,305,14,316,21,311,18,298,13,302,21,300,17
2018-05-25,291,8,295,11,293,9,285,9,281,12,283,10
2018-05-18,283,0,284,0,284,0,276,-1,269,0,273,0
2018-05-11,283,-10,284,-2,284,-6,277,-11,269,-2,273,-7
2018-05-04,293,-10,286,-9,290,-9,288,-9,271,-11,280,-10
2018-04-27,303,-12,295,-18,299,-15,297,-11,282,-18,290,-14
2018-04-20,315,-10,313,-10,314,-10,308,-11,300,-12,304,-12
2018-04-13,325,-8,323,-1,324,-5,319,-7,312,-1,316,-4
2018-04-06,333,-2,324,-9,329,-5,326,-2,313,-9,320,-5
2018-03-30,335,-1,333,0,334,-1,328,-1,322,1,325,0
2018-03-23,336,20,333,14,335,17,329,20,321,13,325,16
2018-03-16,316,9,319,15,318,12,309,6,308,15,309,11
2018-03-09,307,2,304,1,306,2,303,4,293,1,298,2
2018-03-02,305,-3,303,0,304,-2,299,-3,292,-1,296,-2
2018-02-23,308,-3,303,-1,306,-2,302,-2,293,-1,298,-1
2018-02-16,311,-3,304,-9,308,-6,304,-4,294,-9,299,-7
2018-02-09,314,-1,313,-10,314,-5,308,-4,303,-9,306,-6
2018-02-02,315,-12,323,-9,319,-11,312,-11,312,-9,312,-10
2018-01-26,327,-1,332,-10,330,-5,323,-3,321,-9,322,-6
2018-01-19,328,7,342,7,335,7,326,6,330,8,328,7
2018-01-12,321,4,335,4,328,4,320,4,322,3,321,3
2018-01-05,317,3,331,0,324,1,316,3,319,0,318,2
2017-12-29,314,1,331,0,323,1,313,0,319,0,316,0
2017-12-22,313,0,331,0,322,0,313,3,319,0,316,1
2017-12-15,313,4,331,3,322,3,310,6,319,3,315,5
2017-12-08,309,14,328,12,319,13,304,13,316,8,310,10
2017-12-01,295,7,316,8,306,8,291,8,308,15,300,12
2017-11-24,288,15,308,24,298,19,283,14,293,25,288,19
2017-11-17,273,-6,284,5,279,0,269,-9,268,4,269,-2
2017-11-10,279,-1,279,-10,279,-6,278,-1,264,-10,271,-6
2017-11-03,280,-5,289,-2,285,-3,279,-4,274,-2,277,-3
2017-10-27,285,-7,291,-10,288,-9,283,-7,276,-9,280,-8
2017-10-20,292,-12,301,-10,297,-11,290,-9,285,-11,288,-10
2017-10-13,304,0,311,-2,308,-1,299,0,296,0,298,0
2017-09-29,304,3,313,2,309,3,299,2,296,1,298,2
2017-09-22,301,9,311,11,306,10,297,10,295,11,296,10
2017-09-15,292,15,300,15,296,15,287,14,284,15,286,15
2017-09-08,277,1,285,1,281,1,273,0,269,1,271,0
2017-09-01,276,-2,284,2,280,0,273,2,268,3,271,3
2017-08-25,278,4,282,14,280,9,271,8,265,11,268,9
2017-08-18,274,15,268,18,271,16,263,15,254,19,259,17
2017-08-11,259,11,250,15,255,13,248,14,235,15,242,15
2017-08-04,248,4,235,0,242,2,234,4,220,0,227,2
2017-07-28,244,3,235,0,240,2,230,2,220,1,225,1
2017-07-21,241,-8,235,0,238,-4,228,-9,219,0,224,-4
2017-07-14,249,0,235,-10,242,-5,237,0,219,-9,228,-5
2017-07-07,249,0,245,0,247,0,237,0,228,0,233,0
2017-06-30,249,11,245,9,247,10,237,13,228,9,233,11
2017-06-23,238,13,236,12,237,12,224,11,219,11,222,11
2017-06-16,225,1,224,3,225,2,213,0,208,2,211,1
2017-06-09,224,-2,221,0,223,-1,213,-1,206,0,210,0
2017-06-02,226,-9,221,-3,224,-6,214,-9,206,-2,210,-6
2017-05-26,235,-1,224,-9,230,-5,223,0,208,-9,216,-4
2017-05-19,236,-5,233,-4,235,-4,223,-7,217,-5,220,-6
2017-05-12,241,-3,237,-8,239,-6,230,-2,222,-7,226,-5
2017-04-28,244,-7,245,0,245,-3,232,-7,229,-1,231,-4
2017-04-21,251,0,245,0,248,0,239,0,230,0,235,0
2017-04-14,251,-9,245,-8,248,-9,239,-6,230,-5,235,-5
2017-04-07,260,-1,253,-9,257,-5,245,-1,235,-8,240,-5
2017-03-31,261,-3,262,-11,262,-7,246,-2,243,-11,245,-6
2017-03-24,264,8,273,5,269,7,248,7,254,6,251,6
2017-03-17,256,16,268,13,262,14,241,20,248,13,245,17
2017-03-10,240,11,255,15,248,13,221,9,235,15,228,12
2017-03-03,229,0,240,0,235,0,212,0,220,0,216,0
2017-03-03,229,-10,240,0,235,-5,212,-6,220,1,216,-3
2017-02-24,239,0,240,2,240,1,218,-1,219,3,219,1
2017-02-17,239,-10,238,-6,239,-8,219,-5,216,-11,218,-8
2017-02-10,249,-2,244,-3,247,-2,224,-2,227,-3,226,-2
2017-02-03,251,0,247,-2,249,-1,226,0,230,-2,228,-1
2017-01-27,251,-10,249,-11,250,-11,226,-10,232,-11,229,-11
2017-01-20,261,-12,260,-16,261,-14,236,-12,243,-16,240,-14
2017-01-13,273,7,276,3,275,5,248,7,259,3,254,5
2017-01-06,266,26,273,38,270,32,241,26,256,38,249,32
2016-12-30,240,6,235,9,238,8,215,6,218,9,217,8
2016-12-23,234,-2,226,1,230,-1,209,-2,209,1,209,-1
2016-12-16,236,-5,225,1,231,-2,211,-5,208,1,210,-2
2016-12-09,241,0,224,0,233,0,216,0,207,0,212,0
2016-12-02,241,10,224,5,233,8,216,10,207,5,212,8
2016-11-25,231,23,219,22,225,22,206,23,202,22,204,22
2016-11-18,208,14,197,15,203,15,183,14,180,15,182,15
2016-11-11,194,-9,182,-9,188,-9,169,-9,165,-9,167,-9
2016-11-04,203,0,191,0,197,0,178,0,174,0,176,0
2016-10-28,203,-2,191,-4,197,-3,178,-2,174,-4,176,-3
2016-10-21,205,-1,195,1,200,0,180,-1,178,1,179,0
2016-10-14,206,-10,194,-12,200,-11,181,-10,177,-12,179,-11
2016-10-07,216,0,206,-2,211,-1,191,0,189,-2,190,-1
2016-09-30,216,-3,208,-6,212,-5,191,-3,191,-6,191,-5
2016-09-23,219,-3,214,-5,217,-4,194,-3,197,-5,196,-4
2016-09-16,222,-4,219,-2,221,-3,197,-4,202,-2,200,-3
2016-09-09,226,3,221,4,224,4,201,3,204,4,203,4
2016-09-02,223,3,217,2,220,2,198,3,200,2,199,2
2016-08-26,220,4,215,3,218,4,195,4,198,3,197,4
2016-08-19,216,17,212,17,214,17,191,17,195,17,193,17
2016-08-12,199,15,195,14,197,14,174,15,178,14,176,14
2016-08-05,184,0,181,0,183,0,159,0,164,0,162,0
2016-07-29,184,-1,181,1,183,0,159,-1,164,1,162,0
2016-07-22,185,-2,180,-5,183,-3,160,-2,163,-5,162,-3
2016-07-15,187,0,185,4,186,2,162,0,168,4,165,2
2016-07-08,187,-7,181,-10,184,-9,162,-7,164,-10,163,-9
2016-07-01,194,-8,191,3,193,-2,169,-8,174,3,172,-2
2016-06-24,202,-6,188,-8,195,-7,177,-6,171,-8,174,-7
2016-06-17,208,-16,196,-13,202,-15,183,-16,179,-13,181,-15
2016-06-10,224,-8,209,-18,217,-13,199,-8,192,-18,196,-13
2016-06-03,232,0,227,-4,230,-2,207,0,210,-4,209,-2
2016-05-27,232,-14,231,-15,232,-14,207,-14,214,-15,211,-14
2016-05-20,246,5,246,9,246,7,221,5,229,9,225,7
2016-05-13,241,20,237,27,239,23,216,20,220,27,218,23
2016-05-06,221,13,210,28,216,21,196,13,193,28,195,21
2016-04-29,208,23,182,8,195,15,183,23,165,8,174,15
2016-04-22,185,-1,174,4,180,2,160,-1,157,4,159,2
2016-04-15,186,-3,170,-6,178,-5,161,-3,153,-6,157,-5
2016-04-08,189,9,176,12,183,11,164,9,159,12,162,11
2016-04-01,180,8,164,6,172,7,155,8,147,6,151,7
2016-03-25,172,11,158,10,165,10,147,11,141,10,144,10
2016-03-18,161,-2,148,3,155,1,136,-2,131,3,134,1
2016-03-11,163,-2,145,-2,154,-2,138,-2,128,-2,133,-2
2016-03-04,165,-2,147,-1,156,-2,140,-2,130,-1,135,-2
2016-02-26,167,19,148,10,158,15,142,19,131,10,137,15
2016-02-19,148,15,138,22,143,18,123,15,121,22,122,18
2016-02-12,133,6,116,7,125,7,108,6,99,7,104,7
2016-02-05,127,8,109,7,118,7,102,8,92,7,97,7
2016-01-29,119,2,102,1,111,2,94,2,85,1,90,2
2016-01-22,117,1,101,2,109,1,92,1,84,2,88,1
2016-01-15,116,0,99,3,108,2,91,0,82,3,87,2
2016-01-08,116,0,96,0,106,0,91,0,79,0,85,0
2016-01-01,116,1,96,1,106,1,91,1,79,1,85,1
2015-12-25,115,0,95,-3,105,-1,90,0,78,-3,84,-1
2015-12-18,115,-4,98,-3,106,-4,90,-4,81,-3,85,-4
2015-12-11,119,0,101,0,110,0,94,0,84,0,89,0
2015-12-04,119,-4,101,-2,110,-3,94,-4,84,-2,89,-3
2015-11-27,123,0,103,-7,113,-4,98,0,86,-7,92,-4
2015-11-20,123,-2,110,-1,117,-1,98,-2,93,-1,96,-1
2015-11-13,125,-16,111,-20,118,-18,100,-16,94,-20,97,-18
2015-11-06,141,-24,131,-8,136,-16,116,-24,114,-8,115,-16
2015-10-30,165,-5,139,-9,152,-7,140,-5,122,-9,131,-7
2015-10-23,170,0,148,-2,159,-1,145,0,131,-2,138,-1
2015-10-16,170,-11,150,-7,160,-9,145,-11,133,-7,139,-9
2015-10-09,181,0,157,0,169,0,156,0,140,0,148,0
2015-10-02,181,0,157,-1,169,0,156,0,140,-1,148,0
2015-09-25,181,-4,158,-5,169,-5,156,-4,141,-5,148,-5
2015-09-18,185,0,163,0,174,0,160,0,146,0,153,0
2015-09-11,185,1,163,0,174,1,160,1,146,0,153,1
2015-09-04,184,-5,163,-4,173,-5,159,-5,146,-4,152,-5
2015-08-28,189,-2,167,0,178,-1,164,-2,150,0,157,-1
2015-08-21,191,-5,167,-9,179,-7,166,-5,150,-9,158,-7
2015-08-14,196,0,176,0,186,0,171,0,159,0,165,0
2015-08-07,196,-12,176,-11,186,-11,171,-12,159,-11,165,-11
2015-07-31,208,-1,187,-2,197,-2,183,-1,170,-2,176,-2
2015-07-24,209,-12,189,-12,199,-12,184,-12,172,-12,178,-12
2015-07-17,221,4,201,2,211,3,196,4,184,2,190,3
2015-07-10,217,9,199,5,208,7,192,9,182,5,187,7
2015-07-03,208,0,194,5,201,2,183,0,177,5,180,2
2015-06-26,208,11,189,10,199,11,183,11,172,10,178,11
2015-06-19,197,2,179,4,188,3,172,2,162,4,167,3
2015-06-12,195,0,175,0,185,0,170,0,158,0,164,0
2015-06-05,195,0,175,0,185,0,170,0,158,0,164,0
2015-05-29,195,-5,175,-4,185,-5,170,-5,158,-4,164,-5
2015-05-22,200,-4,179,-2,190,-2,175,-4,162,-2,169,-2
2015-05-15,204,0,181,0,192,-1,179,0,164,0,171,-1
2015-05-08,204,-4,181,-4,193,-4,179,-4,164,-4,172,-4
2015-05-01,208,3,185,-2,197,1,183,3,168,-2,176,1
2015-04-24,205,-3,187,0,196,-2,180,-3,170,0,175,-2
2015-04-17,208,0,187,1,198,1,183,0,170,1,177,1
2015-04-10,208,-2,186,-1,197,-2,183,-2,169,-1,176,-2
2015-04-03,210,0,187,-1,199,0,185,0,170,-1,178,0
2015-03-27,210,4,188,-1,199,1,185,4,171,-1,178,1
2015-03-20,206,0,189,-2,198,0,181,0,172,-2,177,0
2015-03-13,206,-2,191,-3,198,-3,181,-2,174,-3,177,-3
2015-03-06,208,0,194,0,201,0,183,0,177,0,180,0
2015-02-27,208,0,194,0,201,0,183,0,177,0,180,0
2015-02-20,208,0,194,-1,201,-1,183,0,177,-1,180,-1
2015-02-13,208,0,195,0,202,0,183,0,178,0,181,0
2015-02-06,208,-1,195,-2,202,-1,183,-1,178,-2,181,-1
2015-01-30,209,-2,197,0,203,-1,184,-2,180,0,182,-1
2015-01-23,211,-8,197,-6,204,-7,186,-8,180,-6,183,-7
2015-01-16,219,0,203,-1,211,0,194,0,186,-1,190,0
2015-01-09,219,0,204,0,211,-1,194,0,187,0,190,-1
2015-01-02,219,-15,204,-11,212,-13,194,-15,187,-11,191,-13
2014-12-26,234,-4,215,-1,225,-2,209,-4,198,-1,204,-2
2014-12-19,238,-2,216,-5,227,-4,213,-2,199,-5,206,-4
2014-12-12,240,-7,221,-6,231,-6,215,-7,204,-6,210,-6
2014-12-05,247,-5,227,-12,237,-9,222,-5,210,-12,216,-9
2014-11-28,252,-14,239,-10,246,-12,227,-14,222,-10,225,-12
2014-11-21,266,-1,249,-2,258,-1,241,-1,232,-2,237,-1
2014-11-14,267,-3,251,-5,259,-4,242,-3,234,-5,238,-4
2014-11-07,270,-4,256,-7,263,-6,245,-4,239,-7,242,-6
2014-10-31,274,-2,263,-5,269,-3,249,-2,246,-5,248,-3
2014-10-24,276,-4,268,-7,272,-6,251,-4,251,-7,251,-6
2014-10-17,280,0,275,-3,278,-1,255,0,258,-3,257,-1
2014-10-10,280,-3,278,-5,279,-4,255,-3,261,-5,258,-4
2014-10-03,283,-4,283,2,283,-1,258,-4,266,2,262,-1
2014-09-26,287,-3,281,-1,284,-2,262,-3,264,-1,263,-2
2014-09-19,290,0,282,0,286,0,265,0,265,0,265,0
2014-09-12,290,-5,282,-1,286,-3,265,-5,265,-1,265,-3
2014-09-05,295,-1,283,-2,289,-2,270,-1,266,-2,268,-2
2014-08-29,296,0,285,-1,291,0,271,0,268,-1,270,0
2014-08-22,296,-3,286,-2,291,-3,271,-3,269,-2,270,-3
2014-08-15,299,-2,288,-3,294,-2,274,-2,271,-3,273,-2
2014-08-08,301,-2,291,-1,296,-1,276,-2,274,-1,275,-1
2014-08-01,303,-1,292,-1,297,-1,278,-1,275,-1,276,-1
2014-07-25,304,-2,293,0,298,-2,279,-2,276,0,277,-2
2014-07-18,306,-3,293,-1,300,-1,281,-3,276,-1,279,-1
2014-07-11,309,-1,294,0,301,-1,284,-1,277,0,280,-1
2014-07-04,310,-3,294,-3,302,-3,285,-3,277,-3,281,-3
2014-06-27,313,0,297,2,305,1,288,0,280,2,284,1
2014-06-20,313,0,295,-1,304,0,288,0,278,-1,283,0
2014-06-13,313,-1,296,-1,304,-1,288,-1,279,-1,283,-1
2014-06-06,314,0,297,0,305,0,289,0,280,0,284,0
2014-05-30,314,1,297,0,305,0,289,1,280,0,284,0
2014-05-23,313,-2,297,-2,305,-2,288,-2,280,-2,284,-2
2014-05-16,315,-1,299,-2,307,-1,290,-1,282,-2,286,-1
2014-05-09,316,-1,301,0,308,-1,291,-1,284,0,287,-1
2014-05-02,317,-1,301,-2,309,-1,292,-1,284,-2,288,-1
2014-04-25,318,-1,303,-1,310,-1,293,-1,286,-1,289,-1
2014-04-18,319,-1,304,-3,311,-2,294,-1,287,-3,290,-2
2014-04-11,320,-3,307,-3,313,-4,295,-3,290,-3,292,-4
2014-04-04,323,-2,310,-1,317,-1,298,-2,293,-1,296,-1
2014-03-28,325,0,311,0,318,0,300,0,294,0,297,0
2014-03-21,325,-3,311,-3,318,-3,300,-3,294,-3,297,-3
2014-03-14,328,-5,314,-6,321,-5,303,-5,297,-6,300,-5
2014-03-07,333,-1,320,-3,326,-3,308,-1,303,-3,305,-3
2014-02-28,334,-1,323,-4,329,-2,309,-1,306,-4,308,-2
2014-02-21,335,-8,327,-3,331,-6,310,-8,310,-3,310,-6
2014-02-14,343,-7,330,-7,337,-6,318,-7,313,-7,316,-6
2014-02-07,350,-7,337,-1,343,-4,325,-7,320,-1,322,-4
2014-01-31,357,-7,338,-3,347,-6,332,-7,321,-3,326,-6
2014-01-24,364,-3,341,0,353,-1,339,-3,324,0,332,-1
2014-01-17,367,2,341,-8,354,-3,342,2,324,-8,333,-3
2014-01-10,365,-7,349,-2,357,-4,340,-7,332,-2,336,-4
2014-01-03,372,-1,351,-3,361,-2,347,-1,334,-3,340,-2
2013-12-27,373,-5,354,1,363,-3,348,-5,337,1,342,-3
2013-12-20,378,1,353,-12,366,-5,353,1,336,-12,345,-5
2013-12-13,377,9,365,1,371,5,352,9,348,1,350,5
2013-12-06,368,2,364,-7,366,-3,343,2,347,-7,345,-3
2013-11-29,366,-11,371,0,369,-5,341,-11,354,0,348,-5
2013-11-22,377,7,371,16,374,12,352,7,354,16,353,12
2013-11-15,370,11,355,10,362,10,345,11,338,10,341,10
2013-11-08,359,11,345,11,352,11,334,11,328,11,331,11
2013-11-01,348,5,334,-9,341,-2,323,5,317,-9,320,-2
2013-10-25,343,-12,343,0,343,-6,318,-12,326,0,322,-6
2013-10-18,355,17,343,2,349,9,330,17,326,2,328,9
2013-10-11,338,-3,341,-7,340,-5,313,-3,324,-7,319,-5
2013-10-04,341,-12,348,6,345,-3,316,-12,331,6,324,-3
2013-09-27,353,5,342,-4,348,1,328,5,325,-4,327,1
2013-09-20,348,0,346,0,347,0,323,0,329,0,326,0
2013-09-13,348,-3,346,-4,347,-4,323,-3,329,-4,326,-4
2013-09-06,351,-3,350,-2,351,-2,326,-3,333,-2,330,-2
2013-08-30,354,-9,352,-2,353,-6,329,-9,335,-2,332,-6
2013-08-23,363,16,354,16,359,16,338,16,337,16,338,16
2013-08-16,347,14,338,12,343,13,322,14,321,12,322,13
2013-08-09,333,21,326,12,330,17,308,21,309,12,309,17
2013-08-02,312,6,314,1,313,3,287,6,297,1,292,3
2013-07-26,306,-5,313,1,310,-2,281,-5,296,1,289,-2
2013-07-19,311,-5,312,-2,312,-3,286,-5,295,-2,291,-3
2013-07-12,316,-3,314,-1,315,-2,291,-3,297,-1,294,-2
2013-07-05,319,-7,315,1,317,-3,294,-7,298,1,296,-3
2013-06-28,326,-1,314,0,320,0,301,-1,297,0,299,0
2013-06-21,327,-2,314,-4,320,-4,302,-2,297,-4,299,-4
2013-06-14,329,-7,318,-5,324,-5,304,-7,301,-5,303,-5
2013-06-07,336,2,323,-4,329,-2,311,2,306,-4,308,-2
2013-05-31,334,3,327,2,331,3,309,3,310,2,310,3
2013-05-24,331,-6,325,-2,328,-4,306,-6,308,-2,307,-4
2013-05-17,337,4,327,-7,332,-2,312,4,310,-7,311,-2
2013-05-10,333,-2,334,-2,334,-2,308,-2,317,-2,313,-2
2013-05-03,335,-3,336,4,336,1,310,-3,319,4,315,1
2013-04-26,338,-4,332,-11,335,-8,313,-4,315,-11,314,-8
2013-04-19,342,3,343,17,343,10,317,3,326,17,322,10
2013-04-12,339,-7,326,-19,333,-13,314,-7,309,-19,312,-13
2013-04-05,346,-7,345,-13,346,-10,321,-7,328,-13,325,-10
2013-03-29,353,18,358,-2,356,8,328,18,341,-2,335,8
2013-03-22,335,-9,360,10,348,1,310,-9,343,10,327,1
2013-03-15,344,-7,350,-7,347,-7,319,-7,333,-7,326,-7
2013-03-08,351,-9,357,-3,354,-6,326,-9,340,-3,333,-6
2013-03-01,360,1,360,-4,360,-2,335,1,343,-4,339,-2
2013-02-22,359,0,364,19,362,10,334,0,347,19,341,10
2013-02-15,359,24,345,15,352,19,334,24,328,15,331,19
2013-02-08,335,3,330,0,333,2,310,3,313,0,312,2
2013-02-01,332,-14,330,-3,331,-8,307,-14,313,-3,310,-8
2013-01-25,346,-2,333,3,339,0,321,-2,316,3,318,0
2013-01-18,348,0,330,-20,339,-10,323,0,313,-20,318,-10
2013-01-11,348,-19,350,18,349,-1,323,-19,333,18,328,-1
2013-01-04,367,8,332,-12,350,-2,342,8,315,-12,329,-2
2012-12-28,359,8,344,5,352,7,334,8,327,5,331,7
2012-12-21,351,13,339,14,345,14,326,13,322,14,324,14
2012-12-14,338,5,325,2,331,3,313,5,308,2,310,3
2012-12-07,333,7,323,9,328,8,308,7,306,9,307,8
2012-11-30,326,3,314,3,320,3,301,3,297,3,299,3
2012-11-23,323,-2,311,3,317,0,298,-2,294,3,296,0
2012-11-16,325,0,308,9,317,5,300,0,291,9,296,5
2012-11-09,325,4,299,3,312,3,300,4,282,3,291,3
2012-11-02,321,-17,296,-3,309,-9,296,-17,279,-3,288,-9
2012-10-26,338,6,299,-6,318,0,313,6,282,-6,297,0
2012-10-19,332,-29,305,-21,318,-26,307,-29,288,-21,297,-26
2012-10-12,361,-16,326,-28,344,-21,336,-16,309,-28,323,-21
2012-10-05,377,-9,354,-14,365,-12,352,-9,337,-14,344,-12
2012-09-28,386,-7,368,-2,377,-4,361,-7,351,-2,356,-4
2012-09-24,393,-4,370,-5,381,-5,368,-4,353,-5,360,-5
2012-09-14,397,-11,375,-16,386,-13,372,-11,358,-16,365,-13
2012-09-07,408,-13,391,-14,399,-14,383,-13,374,-14,378,-14
2012-08-31,421,7,405,1,413,4,396,7,388,1,392,4
2012-08-24,414,8,404,1,409,5,389,8,387,1,388,5
2012-08-17,406,8,403,12,404,10,381,8,386,12,383,10
2012-08-10,398,0,391,11,394,5,373,0,374,11,373,5
2012-08-03,398,7,380,7,389,7,373,7,363,7,368,7
2012-07-27,391,0,373,0,382,0,366,0,356,0,361,0
2012-07-20,391,-3,373,0,382,-1,366,-3,356,0,361,-1
2012-07-13,394,-6,373,-1,383,-4,369,-6,356,-1,362,-4
2012-07-06,400,9,374,3,387,6,375,9,357,3,366,6
2012-06-29,391,-7,371,-7,381,-7,366,-7,354,-7,360,-7
2012-06-22,398,19,378,13,388,16,373,19,361,13,367,16
2012-06-15,379,-1,365,-11,372,-6,354,-1,348,-11,351,-6
2012-06-08,380,-11,376,-13,378,-12,355,-11,359,-13,357,-12
2012-06-01,391,-10,389,0,390,-5,366,-10,372,0,369,-5
2012-05-25,401,17,389,0,395,9,376,-3,372,0,374,-12
2012-05-18,384,1,389,1,386,1,379,1,372,1,386,1
2012-05-11,383,0,388,0,385,0,378,0,371,0,385,0
2012-05-04,383,2,388,2,385,1,378,2,371,2,385,1
2012-04-27,381,-20,386,-20,384,-19,376,-20,369,-20,384,-19
2012-04-20,401,0,406,0,403,0,396,0,389,0,403,0
2012-04-13,401,-1,406,-1,403,-1,396,-1,389,-1,403,-1
2012-04-06,402,-8,407,-8,404,-9,397,-8,390,-8,404,-9
2012-03-23,410,2,415,2,413,3,405,2,398,2,413,3
2012-03-16,408,-5,413,-5,410,-5,403,-5,396,-5,410,-5
2012-03-09,413,5,418,5,415,5,408,5,401,5,415,5
2012-03-02,408,0,413,0,410,0,403,0,396,0,410,0
2012-02-24,408,-10,413,-10,410,-10,403,-10,396,-10,410,-10
2012-02-17,418,0,423,0,420,0,413,0,406,0,420,0
2012-02-10,418,0,423,0,420,0,413,0,406,0,420,0
2012-02-03,418,0,423,0,420,0,413,0,406,0,420,0
2012-01-27,418,0,423,0,420,0,413,0,406,0,420,0
2012-01-20,418,0,423,0,420,0,413,0,406,0,420,0
2012-01-13,418,0,423,0,420,0,413,0,406,0,420,0
2012-01-06,418,5,423,5,420,4,413,5,406,5,420,4
2011-12-30,413,10,418,10,416,10,408,10,401,10,416,10
2011-12-23,403,20,408,20,406,21,398,20,391,20,406,21
2011-12-16,383,25,388,25,385,25,378,25,371,25,385,25
2011-12-09,358,11,363,11,360,10,353,11,346,11,360,10
2011-12-02,347,3,352,3,350,4,342,3,335,3,350,4
2011-11-25,344,-8,349,-8,346,-8,339,-8,332,-8,346,-8
2011-11-18,352,-4,357,-4,354,-5,347,-5,340,-4,354,-5
2011-11-11,356,-7,361,-7,359,-7,352,-7,344,-7,359,-7
2011-11-04,363,-10,368,-10,366,-9,359,-9,351,-10,366,-9
2011-10-28,373,-13,378,-13,375,-14,368,-13,361,-13,375,-14
2011-10-21,386,-6,391,-6,389,-5,381,-6,374,-6,389,-5
2011-10-14,392,-6,397,-6,394,-7,387,-6,380,-6,394,-7
2011-10-07,398,8,403,8,401,9,393,8,386,8,401,9
2011-09-30,390,0,395,0,392,0,385,0,378,0,392,0
2011-09-23,390,-2,395,-2,392,-2,385,-2,378,-2,392,-2
2011-09-16,392,-1,397,-1,394,-1,387,-1,380,-1,394,-1
2011-09-09,393,-4,398,-4,395,-4,388,-4,381,-4,395,-4
2011-09-02,397,-9,402,-9,399,-9,392,-9,385,-9,399,-9
2011-08-26,406,-3,411,-3,408,-3,401,-3,394,-3,408,-3
2011-08-19,409,-2,414,-2,411,-3,404,-2,397,-2,411,-3
2011-08-12,411,-4,416,-4,414,-3,406,-4,399,-4,414,-3
2011-08-05,415,-7,420,-7,417,-7,410,-7,403,-7,417,-7
2011-07-29,422,-1,427,-1,424,-2,417,-1,410,-1,424,-2
2011-07-22,423,1,428,1,426,1,418,1,411,1,426,1
2011-07-15,422,4,427,4,425,4,417,4,410,4,425,4
2011-07-08,418,3,423,3,421,4,413,3,406,3,421,4
2011-07-01,415,12,420,12,417,11,410,12,403,12,417,11
2011-06-24,403,2,408,2,406,3,398,2,391,2,406,3
2011-06-17,401,0,406,0,403,0,396,0,389,0,403,0
2011-06-10,401,-22,406,-7,403,124,396,-2,389,-7,403,138
2011-06-03,423,0,413,0,279,0,398,0,396,0,265,0
2011-05-27,423,-9,413,-10,279,-6,398,-9,396,-10,265,-6
2011-05-20,432,0,423,-4,285,-1,407,0,406,-4,271,-1
2011-05-13,432,-5,427,-7,286,-4,407,-5,410,-7,272,-4
2011-05-06,437,-6,434,6,290,0,412,-6,417,6,276,0
2011-04-29,443,-2,428,-9,290,-4,418,-2,411,-9,276,-4
2011-04-22,445,-13,437,-7,294,-7,420,-13,420,-7,280,-7
2011-04-15,458,-7,444,-9,301,-5,433,-7,427,-9,287,-5
2011-04-08,465,0,453,0,306,0,440,0,436,0,292,0
2011-04-01,465,0,453,-4,306,-1,440,0,436,-4,292,-1
2011-03-25,465,-3,457,-3,307,-2,440,-3,440,-3,293,-2
2011-03-18,468,-2,460,-1,309,-1,443,-2,443,-1,295,-1
2011-03-11,470,0,461,0,310,0,445,0,444,0,296,0
2011-03-04,470,0,461,0,310,0,445,0,444,0,296,0
2011-02-25,470,12,461,7,310,6,445,12,444,7,296,6
2011-02-18,458,10,454,8,304,6,433,10,437,8,290,6
2011-02-11,448,6,446,23,298,10,423,6,429,23,284,10
2011-01-28,442,20,423,-5,288,5,417,20,406,-5,274,5
2011-01-21,422,0,428,21,283,7,397,0,411,21,269,7
2011-01-14,422,22,407,17,276,13,397,22,390,17,262,13
2011-01-07,400,23,390,13,263,12,375,23,373,13,249,12
2010-12-31,377,0,377,10,251,3,352,0,360,10,237,3
2010-12-24,377,2,367,0,248,1,352,2,350,0,234,1
2010-12-17,375,5,367,15,247,6,350,5,350,15,233,6
2010-12-10,370,15,352,15,241,10,345,15,335,15,227,10
2010-12-03,355,13,337,12,231,9,330,13,320,12,217,9
2010-11-19,342,20,325,8,222,9,317,20,308,8,208,9
2010-11-12,322,-6,317,5,213,0,297,-6,300,5,199,0
2010-11-05,328,-4,312,0,213,-2,303,-4,295,0,199,-2
2010-10-29,332,-6,312,-1,215,-2,307,-6,295,-1,201,-2
2010-10-22,338,-4,313,-4,217,-3,313,-4,296,-4,203,-3
2010-10-15,342,-7,317,-3,220,-3,317,-7,300,-3,206,-3
2010-10-08,349,-6,320,-4,223,-3,324,-6,303,-4,209,-3
2010-10-01,355,0,324,-2,226,-114,330,0,307,-2,212,-107
2010-09-24,355,0,326,1,340,12,330,0,309,1,319,-9
2010-09-17,355,15,325,5,328,-2,330,-1,308,5,328,11
2010-09-10,340,0,320,0,330,0,331,0,303,0,317,-13
2010-09-03,340,0,320,0,330,0,331,0,303,0,330,0
2010-08-27,340,17,320,17,330,17,331,18,303,17,330,17
2010-08-20,323,16,303,16,313,16,313,15,286,16,313,16
2010-08-13,307,12,287,12,297,12,298,12,270,12,297,12
2010-08-06,295,-5,275,-5,285,-5,286,-5,258,-5,285,-5
2010-07-30,300,7,280,7,290,7,291,8,263,7,290,7
2010-07-23,293,-6,273,-6,283,-6,283,-7,256,-6,283,-6
2010-07-16,299,-3,279,-3,289,-3,290,-2,262,-3,289,-3
2010-07-09,302,-6,282,-6,292,-6,292,-6,265,-6,292,-6
2010-07-02,308,-10,288,-10,298,-10,298,-11,271,-10,298,-10
2010-06-25,318,-27,298,-27,308,-27,309,-26,281,-27,308,-27
2010-06-18,345,-7,325,-7,335,-7,335,-7,308,-7,335,-7
2010-06-11,352,-5,332,-5,342,-5,342,-5,315,-5,342,-5
2010-06-04,357,-1,337,-1,347,-1,347,-2,320,-1,347,-1
2010-05-28,358,-10,338,-10,348,-10,349,-9,321,-10,348,-10
2010-05-14,368,-3,348,-3,358,-3,358,-3,331,-3,358,-3
2010-05-07,371,-8,351,-8,361,-8,361,-8,334,-8,361,-8
2010-04-30,379,0,359,0,369,0,369,-1,342,0,369,0
2010-04-23,379,0,359,0,369,0,370,1,342,0,369,0
2010-04-16,379,4,359,4,369,4,369,4,342,4,369,4
2010-04-09,375,4,355,4,365,4,365,3,338,4,365,4
2010-04-02,371,14,351,14,361,14,362,15,334,14,361,14
2010-03-26,357,-3,337,-3,347,-3,347,-3,320,-3,347,-3
2010-03-19,360,34,340,34,350,34,350,33,323,34,350,34
2010-03-12,326,9,306,9,316,9,317,10,289,9,316,9
2010-03-05,317,-9,297,-9,307,-9,307,-10,280,-9,307,-9
2010-02-26,326,2,306,2,316,2,317,3,289,2,316,2
2010-02-19,324,6,304,6,314,6,314,6,287,6,314,6
2010-02-12,318,-8,298,-8,308,-8,308,-9,281,-8,308,-8
2010-02-05,326,0,306,0,316,0,317,0,289,0,316,0
2010-01-29,326,-9,306,-9,316,-9,317,-9,289,-9,316,-9
2010-01-22,335,10,315,10,325,10,326,10,298,-16,325,10
2010-01-15,325,7,305,7,315,7,316,15,314,33,315,7
2010-01-08,318,-7,298,-5,308,-6,301,1,281,-5,308,15
2010-01-01,325,0,303,3,314,1,300,0,286,3,293,1
2009-12-25,325,15,300,10,313,13,300,15,283,10,292,13
2009-12-18,310,5,290,0,300,2,285,5,273,0,279,2
2009-12-11,305,0,290,0,298,0,280,0,273,0,277,0
2009-12-04,305,-5,290,-5,298,-5,280,-5,273,-5,277,-5
2009-11-27,310,15,295,15,303,15,285,15,278,15,282,15
2009-11-20,295,0,280,0,288,0,270,0,263,0,267,0
2009-11-13,295,10,280,10,288,10,270,10,263,10,267,10
2009-11-06,285,-10,270,0,278,-5,260,-10,253,0,257,-5
2009-10-30,295,0,270,-5,283,-2,270,0,253,-5,262,-2
2009-10-23,295,-10,275,-10,285,-10,270,-10,258,-10,264,-10
2009-10-16,305,-12,285,-15,295,-14,280,-12,268,-15,274,-14
2009-10-09,317,-1,300,-5,309,-3,292,-1,283,-5,288,-3
2009-10-02,318,-7,305,-5,312,-6,293,-7,288,-5,291,-6
2009-09-25,325,-10,310,-10,318,-10,300,-10,293,-10,297,-10
2009-09-18,335,-10,320,-10,328,-10,310,-10,303,-10,307,-10
2009-09-11,345,0,330,0,338,0,320,0,313,0,317,0
2009-09-04,345,0,330,0,338,0,320,0,313,0,317,0
2009-08-28,345,0,330,0,338,0,320,0,313,0,317,0
2009-08-21,345,35,330,25,338,30,320,35,313,25,317,30
2009-08-14,310,5,305,17,308,11,285,5,288,17,287,11
2009-08-07,305,2,288,2,297,2,280,2,271,2,276,2
2009-07-31,303,8,286,1,295,5,278,8,269,1,274,5
2009-07-24,295,25,285,15,290,20,270,25,268,15,269,20
2009-07-17,270,0,270,15,270,7,245,0,253,15,249,7
2009-07-10,270,2,255,12,263,7,245,2,238,12,242,7
2009-07-03,268,-5,243,-7,256,-6,243,-5,226,-7,235,-6
2009-06-26,273,-2,250,-5,262,-3,248,-2,233,-5,241,-3
2009-06-19,275,-5,255,-5,265,-5,250,-5,238,-5,244,-5
2009-06-12,280,0,260,0,270,0,255,0,243,0,249,0
2009-06-05,280,0,260,0,270,0,255,0,243,0,249,0
2009-05-29,280,-5,260,-5,270,-5,255,-5,243,-5,249,-5
2009-05-22,285,0,265,0,275,0,260,0,248,0,254,0
2009-05-15,285,-10,265,-12,275,-11,260,-10,248,-12,254,-11
2009-05-08,295,0,277,0,286,0,270,0,260,0,265,0
2009-05-01,295,-28,277,-30,286,-29,270,-28,260,-30,265,-29
2009-04-24,323,18,307,27,315,22,298,18,290,27,294,22
2009-04-17,305,27,280,15,293,21,280,27,263,15,272,21
2009-04-10,278,13,265,15,272,14,253,13,248,15,251,14
2009-04-03,265,0,250,0,258,0,240,0,233,0,237,0
2009-03-27,265,0,250,0,258,0,240,0,233,0,237,0
2009-03-20,265,0,250,0,258,0,240,0,233,0,237,0
2009-03-13,265,-10,250,-3,258,-6,240,-10,233,-3,237,-6
2009-03-06,275,0,253,-2,264,-1,250,0,236,-2,243,-1
2009-02-27,275,-10,255,-10,265,-10,250,-10,238,-10,244,-10
2009-02-20,285,-5,265,-5,275,-5,260,-5,248,-5,254,-5
2009-02-13,290,27,270,-5,280,11,265,27,253,-5,259,11
2009-02-06,263,6,275,35,269,21,238,6,258,35,248,21
2009-01-30,257,4,240,5,248,4,232,4,223,5,227,4
2009-01-23,253,28,235,25,244,26,228,28,218,25,223,26
2009-01-16,225,22,210,46,218,34,200,22,193,46,197,34
2009-01-09,203,28,164,14,184,21,178,28,147,14,163,21
2009-01-02,175,0,150,0,163,0,150,0,133,0,142,0
2008-12-26,175,15,150,2,163,9,150,15,133,2,142,9
2008-12-19,160,15,148,23,154,19,135,15,131,23,133,19
2008-12-12,145,45,125,35,135,40,120,45,108,35,114,40
2008-12-05,100,13,90,10,95,11,75,13,73,10,74,11
2008-11-28,87,2,80,10,84,6,62,2,63,10,63,6
2008-11-21,85,0,70,10,78,5,60,0,53,10,57,5
2008-11-14,85,-18,60,-15,73,-16,60,-18,43,-15,52,-16
2008-11-07,103,-22,75,-5,89,-14,78,-22,58,-5,68,-14
2008-10-31,125,-100,80,-120,103,-110,100,-100,63,-120,82,-110
2008-10-24,225,-65,200,-80,213,-72,200,-65,183,-80,192,-72
2008-10-17,290,-25,280,-15,285,-20,265,-25,263,-15,264,-20
2008-10-10,315,20,295,5,305,12,290,20,278,5,284,12
2008-10-03,295,-5,290,10,293,3,270,-5,273,10,272,3
2008-09-26,300,0,280,-19,290,-9,275,0,263,-19,269,-9
2008-09-19,300,-30,299,-4,299,-18,275,-30,282,-4,278,-18
2008-09-12,330,-5,303,-32,317,-18,305,-5,286,-32,296,-18
2008-09-05,335,-70,335,-75,335,-73,310,-70,318,-75,314,-73
2008-08-29,405,-20,410,-50,408,-35,380,-20,393,-50,387,-35
2008-08-22,425,-108,460,-50,443,-79,400,-108,443,-50,422,-79
2008-08-15,533,-12,510,-5,522,-8,508,-12,493,-5,501,-8
2008-08-08,545,-5,515,-20,530,-13,520,-5,498,-20,509,-13
2008-08-01,550,-3,535,0,543,-1,525,-3,518,0,522,-1
2008-07-25,553,0,535,-5,544,-2,528,0,518,-5,523,-2
2008-07-18,553,-2,540,0,546,-2,528,-2,523,0,525,-2
2008-07-11,555,0,540,-5,548,-2,530,0,523,-5,527,-2
2008-07-04,555,0,545,0,550,0,530,0,528,0,529,0
2008-06-27,555,-20,545,9,550,-6,530,-20,528,9,529,-6
2008-06-20,575,10,536,-4,556,3,550,10,519,-4,535,3
2008-06-13,565,0,540,-15,553,-7,540,0,523,-15,532,-7
2008-06-06,565,0,555,5,560,2,540,0,538,5,539,2
2008-05-30,565,10,550,0,558,5,540,10,533,0,537,5
2008-05-23,555,30,550,30,553,30,530,30,533,30,532,30
2008-05-16,525,10,520,40,523,25,500,10,503,40,502,25
2008-05-09,515,55,480,0,498,28,490,55,463,0,477,28
2008-05-02,460,29,480,50,470,39,435,29,463,50,449,39
2008-04-25,431,46,430,20,431,33,406,46,413,20,410,33
2008-04-18,385,20,410,40,398,30,360,20,393,40,377,30
2008-04-11,365,17,370,35,368,26,340,17,353,35,347,26
2008-04-04,348,2,335,17,342,10,323,2,318,17,321,10
2008-03-28,346,11,318,3,332,7,321,11,301,3,311,7
2008-03-21,335,10,315,0,325,5,310,10,298,0,304,5
2008-03-14,325,10,315,5,320,7,300,10,298,5,299,7
2008-03-07,315,30,310,17,313,24,290,30,293,17,292,24
2008-02-22,285,17,293,28,289,23,260,17,276,28,268,23
2008-02-15,268,5,265,6,266,5,243,5,248,6,245,5
2008-02-08,263,17,259,10,261,14,238,17,242,10,240,14
2008-02-01,246,-3,249,-4,247,-4,221,-3,232,-4,226,-4
2008-01-25,249,-7,253,-3,251,-5,224,-7,236,-3,230,-5
2008-01-18,256,3,256,16,256,9,231,3,239,16,235,9
2008-01-11,253,3,240,15,247,9,228,3,223,15,226,9
2008-01-04,250,15,225,3,238,10,225,15,208,3,217,10
2007-12-28,235,0,222,2,228,0,210,0,205,2,207,0
2007-12-21,235,10,220,10,228,10,210,10,203,10,207,10
2007-12-14,225,12,210,10,218,11,200,12,193,10,197,11
2007-12-07,213,0,200,5,207,3,188,0,183,5,186,3
2007-11-30,213,0,195,0,204,0,188,0,178,0,183,0
2007-11-23,213,0,195,-5,204,-2,188,0,178,-5,183,-2
2007-11-16,213,1,200,0,206,0,188,1,183,0,185,0
2007-11-09,212,-3,200,0,206,-2,187,-3,183,0,185,-2
2007-11-02,215,0,200,0,208,0,190,0,183,0,187,0
2007-10-26,215,-13,200,0,208,-6,190,-13,183,0,187,-6
2007-10-19,228,-7,200,-3,214,-5,203,-7,183,-3,193,-5
2007-10-12,235,-4,203,0,219,-2,210,-4,186,0,198,-2
2007-10-05,239,-1,203,0,221,-1,214,-1,186,0,200,-1
2007-09-28,240,0,203,-16,222,-7,215,0,186,-16,201,-7
2007-09-21,240,2,219,11,229,6,215,2,202,11,208,6
2007-09-14,238,0,208,8,223,4,213,0,191,8,202,4
2007-09-07,238,10,200,-5,219,3,213,10,183,-5,198,3
2007-08-31,228,3,205,5,216,3,203,3,188,5,195,3
2007-08-24,225,3,200,6,213,5,200,3,183,6,192,5
2007-08-17,222,2,194,4,208,3,197,2,177,4,187,3
2007-08-10,220,6,190,2,205,4,195,6,173,2,184,4
2007-08-03,214,2,188,3,201,3,189,2,171,3,180,3
2007-07-27,212,0,185,0,198,0,187,0,168,0,177,0
2007-07-20,212,0,185,-3,198,-2,187,0,168,-3,177,-2
2007-07-13,212,0,188,2,200,1,187,0,171,2,179,1
2007-07-06,212,0,186,-6,199,-3,187,0,169,-6,178,-3
2007-06-29,212,-3,192,2,202,-1,187,-3,175,2,181,-1
2007-06-22,215,5,190,0,203,3,190,5,173,0,182,3
2007-06-15,210,3,190,0,200,2,185,3,173,0,179,2
2007-06-08,207,7,190,8,198,7,182,7,173,8,177,7
2007-06-01,200,4,182,8,191,6,175,4,165,8,170,6
2007-05-25,196,1,174,2,185,1,171,1,157,2,164,1
2007-05-18,195,2,172,-5,184,-1,170,2,155,-5,163,-1
2007-05-11,193,-2,177,1,185,-1,168,-2,160,1,164,-1
2007-05-04,195,0,176,-4,186,-2,170,0,159,-4,165,-2
2007-04-27,195,0,180,-10,188,-5,170,0,163,-10,167,-5
2007-04-20,195,-3,190,-2,193,-2,170,-3,173,-2,172,-2
2007-04-13,198,-17,192,-8,195,-13,173,-17,175,-8,174,-13
2007-04-06,215,-10,200,-10,208,-10,190,-10,183,-10,187,-10
2007-03-30,225,2,210,7,218,5,200,2,193,7,197,5
2007-03-23,223,9,203,4,213,6,198,9,186,4,192,6
2007-03-16,214,9,199,17,207,13,189,9,182,17,186,13
2007-03-09,205,5,182,2,194,4,180,5,165,2,173,4
2007-03-02,200,0,180,0,190,0,175,0,163,0,169,0
2007-02-23,200,4,180,4,190,4,175,4,163,4,169,4
2007-02-16,196,1,176,1,186,1,171,1,159,1,165,1
2007-02-09,195,5,175,0,185,2,170,5,158,0,164,2
2007-02-02,190,0,175,0,183,0,165,0,158,0,162,0
2007-01-26,190,0,175,0,183,0,165,0,158,0,162,0
2007-01-19,190,0,175,0,183,0,165,0,158,0,162,0
2007-01-12,190,5,175,5,183,5,165,5,158,5,162,5
2007-01-05,185,7,170,4,178,6,160,7,153,4,157,6
2006-12-29,178,10,166,1,172,5,153,10,149,1,151,5
2006-12-22,168,-2,165,0,167,-1,143,-2,148,0,146,-1
2006-12-15,170,-5,165,0,168,-2,145,-5,148,0,147,-2
2006-12-08,175,0,165,5,170,2,150,0,148,5,149,2
2006-12-01,175,3,160,10,168,7,150,3,143,10,147,7
2006-11-24,172,0,150,0,161,0,147,0,133,0,140,0
2006-11-17,172,-3,150,-10,161,-7,147,-3,133,-10,140,-7
2006-11-10,175,0,160,0,168,0,150,0,143,0,147,0
